name,class
(:,affect
):,affect
:(,affect
:),affect
abandon,affect
abuse,affect
abusi,affect
accept,affect
accepta,affect
accepted,affect
accepting,affect
accepts,affect
ache,affect
aching,affect
active,affect
actively,affect
admir,affect
ador,affect
advantag,affect
adventur,affect
advers,affect
affection,affect
afraid,affect
aggravat,affect
aggress,affect
aggressed,affect
aggresses,affect
aggressing,affect
aggression,affect
aggressive,affect
aggressively,affect
aggressor,affect
agitat,affect
agoniz,affect
agony,affect
agree,affect
agreeable,affect
agreeableness,affect
agreeably,affect
agreed,affect
agreeing,affect
agreement,affect
agrees,affect
alarm,affect
alone,affect
alright,affect
amaze,affect
amazing,affect
amazingly,affect
amor,affect
amus,affect
anger,affect
angrier,affect
angriest,affect
angry,affect
anguish,affect
annoy,affect
annoyed,affect
annoying,affect
annoys,affect
antagoni,affect
anxiety,affect
anxious,affect
anxiously,affect
anxiousness,affect
aok,affect
apath,affect
appall,affect
appreciat,affect
apprehens,affect
approv,affect
argh,affect
argu,affect
arrogan,affect
asham,affect
assault,affect
asshole,affect
assur,affect
attack,affect
attract,affect
attracted,affect
attracting,affect
attraction,affect
attracts,affect
aversi,affect
avoid,affect
award,affect
awesome,affect
awful,affect
awkward,affect
bad,affect
badly,affect
bashful,affect
bastard,affect
battl,affect
beaten,affect
beautiful,affect
beautify,affect
beauty,affect
beloved,affect
benefic,affect
benefit,affect
benefits,affect
benefitt,affect
benevolen,affect
benign,affect
bereave,affect
best,affect
bestest,affect
bestie,affect
besties,affect
better,affect
bitch,affect
bitter,affect
bitterly,affect
bitterness,affect
bittersweet,affect
blam,affect
bless,affect
bliss,affect
bold,affect
bolder,affect
boldest,affect
boldly,affect
bonus,affect
bore,affect
boring,affect
bother,affect
brave,affect
braved,affect
braver,affect
bravery,affect
braves,affect
bravest,affect
bright,affect
brilliance,affect
brilliant,affect
brilliantly,affect
broke,affect
brutal,affect
burden,affect
calm,affect
calmer,affect
calmest,affect
calming,affect
calmly,affect
care,affect
cared,affect
carefree,affect
careless,affect
cares,affect
caring,affect
casual,affect
casually,affect
certain,affect
challeng,affect
champ,affect
charit,affect
charm,affect
cheat,affect
cheer,affect
cheerful,affect
cheers,affect
cheery,affect
cherish,affect
chuckl,affect
clever,affect
coldly,affect
comed,affect
comfort,affect
comfortable,affect
comfortably,affect
comforting,affect
comforts,affect
compassion,affect
complain,affect
compliment,affect
concerned,affect
condemn,affect
confidence,affect
confident,affect
confidently,affect
confront,affect
confuse,affect
confused,affect
confusedly,affect
confusing,affect
considerate,affect
contempt,affect
contented,affect
contentment,affect
contradic,affect
cool,affect
courag,affect
crap,affect
crappy,affect
crazier,affect
craziest,affect
crazy,affect
create,affect
created,affect
creates,affect
creating,affect
creation,affect
creations,affect
creative,affect
creativity,affect
credit,affect
cried,affect
cries,affect
critical,affect
critici,affect
crude,affect
crudely,affect
cruel,affect
crueler,affect
cruelest,affect
cruelty,affect
crushed,affect
cry,affect
crying,affect
cunt,affect
curse,affect
cut,affect
cute,affect
cuter,affect
cutest,affect
cutie,affect
cynic,affect
damag,affect
damn,affect
danger,affect
dangerous,affect
dangerously,affect
dangers,affect
daring,affect
darlin,affect
daze,affect
dear,affect
dearly,affect
decay,affect
decent,affect
deceptive,affect
deceiv,affect
defeat,affect
defect,affect
defenc,affect
defend,affect
defense,affect
defenseless,affect
defensive,affect
defensively,affect
defensiveness,affect
definitely,affect
degrad,affect
delectabl,affect
delicate,affect
delicious,affect
deligh,affect
demean,affect
demot,affect
denial,affect
depress,affect
depriv,affect
desir,affect
despair,affect
desperat,affect
despis,affect
destroy,affect
destruct,affect
destructed,affect
destruction,affect
destructive,affect
destructiveness,affect
determina,affect
determined,affect
devastat,affect
devil,affect
devot,affect
difficult,affect
difficulties,affect
difficulty,affect
dignified,affect
dignifies,affect
dignifying,affect
dignity,affect
disadvantag,affect
disagree,affect
disappoint,affect
disaster,affect
discomfort,affect
discourag,affect
disgrac,affect
disgust,affect
dishearten,affect
dishonor,affect
disillusion,affect
dislike,affect
disliked,affect
dislikes,affect
disliking,affect
dismay,affect
disreput,affect
diss,affect
dissatisf,affect
distract,affect
distraught,affect
distress,affect
distrust,affect
disturb,affect
divin,affect
domina,affect
doom,affect
dork,affect
doubt,affect
dread,affect
dull,affect
dumb,affect
dumbass,affect
dumber,affect
dumbest,affect
dummy,affect
dump,affect
dwell,affect
eager,affect
eagerly,affect
eagerness,affect
ease,affect
easier,affect
easiest,affect
easily,affect
easiness,affect
easing,affect
easy,affect
ecsta,affect
egotis,affect
elegan,affect
embarrass,affect
emotion,affect
emotional,affect
emotions,affect
emptier,affect
emptiest,affect
emptiness,affect
empty,affect
encourag,affect
enemie,affect
enemy,affect
energ,affect
engag,affect
enjoy,affect
enrag,affect
entertain,affect
enthus,affect
envie,affect
envious,affect
envy,affect
evil,affect
excel,affect
excelled,affect
excellence,affect
excellent,affect
excellently,affect
excelling,affect
excels,affect
excite,affect
excited,affect
excitedly,affect
excitement,affect
exciting,affect
excruciat,affect
exhaust,affect
fab,affect
fabulous,affect
fabulously,affect
fabulousness,affect
fail,affect
fair,affect
fairer,affect
fairest,affect
faith,affect
fake,affect
fantasi,affect
fantastic,affect
fantastical,affect
fantastically,affect
fantasy,affect
fatal,affect
fatigu,affect
fault,affect
fav,affect
fave,affect
favor,affect
favoring,affect
favorite,affect
favors,affect
favour,affect
fear,affect
feared,affect
fearful,affect
fearing,affect
fearless,affect
fears,affect
feroc,affect
festiv,affect
feud,affect
fiery,affect
fiesta,affect
fight,affect
fine,affect
finer,affect
finest,affect
fired,affect
flatter,affect
flawless,affect
flexib,affect
flirt,affect
flirtatious,affect
flirting,affect
flirts,affect
flirty,affect
flunk,affect
foe,affect
fond,affect
fondly,affect
fondness,affect
fool,affect
fooled,affect
fooling,affect
foolish,affect
foolishly,affect
fools,affect
forbade,affect
forbid,affect
forbidden,affect
forbidding,affect
forbids,affect
forgave,affect
forgiv,affect
fortunately,affect
fought,affect
frantic,affect
freak,affect
free,affect
free-think,affect
freed,affect
freeing,affect
freely,affect
frees,affect
freethink,affect
friendlier,affect
friendliest,affect
friendly,affect
fright,affect
frustrat,affect
fuck,affect
fucked,affect
fucker,affect
fuckface,affect
fuckh,affect
fuckin,affect
fucks,affect
fucktard,affect
fucktwat,affect
fuckwad,affect
fume,affect
fuming,affect
fun,affect
funner,affect
funnest,affect
funnier,affect
funnies,affect
funniest,affect
funnily,affect
funniness,affect
funny,affect
furious,affect
fury,affect
geek,affect
genero,affect
gentle,affect
gentler,affect
gentlest,affect
gently,affect
giggl,affect
giver,affect
giving,affect
glad,affect
gladly,affect
glamor,affect
glamour,affect
gloom,affect
gloomier,affect
gloomiest,affect
gloomily,affect
gloominess,affect
gloomy,affect
glori,affect
glory,affect
goddam,affect
good,affect
good-for-nothing,affect
goodness,affect
gorgeous,affect
gorgeously,affect
gorgeousness,affect
gossip,affect
grace,affect
graced,affect
graceful,affect
graces,affect
graci,affect
grand,affect
grande,affect
gratef,affect
grati,affect
grave,affect
great,affect
greater,affect
greatest,affect
greatness,affect
greed,affect
grief,affect
griev,affect
grim,affect
grimac,affect
grimly,affect
grin,affect
grinn,affect
grins,affect
gross,affect
grossed,affect
grosser,affect
grossest,affect
grossing,affect
grossly,affect
grossness,affect
grouch,affect
grr,affect
grudg,affect
guilt,affect
guilt-trip,affect
guiltier,affect
guiltiest,affect
guilty,affect
ha,affect
hah,affect
haha,affect
handsome,affect
handsomely,affect
handsomest,affect
hangover,affect
happier,affect
happiest,affect
happily,affect
happiness,affect
happy,affect
harass,affect
harm,affect
harmed,affect
harmful,affect
harmfully,affect
harmfulness,affect
harming,affect
harmless,affect
harmon,affect
harms,affect
harsh,affect
hate,affect
hated,affect
hateful,affect
hater,affect
hates,affect
hating,affect
hatred,affect
haunted,affect
hazard,affect
hazy,affect
heal,affect
healed,affect
healer,affect
healing,affect
heals,affect
healthy,affect
heartbreak,affect
heartbroke,affect
heartfelt,affect
heartless,affect
heartwarm,affect
heaven,affect
heh,affect
hell,affect
hellish,affect
helper,affect
helpful,affect
helpfully,affect
helpfulness,affect
helping,affect
helpless,affect
helps,affect
hero,affect
hero's,affect
heroes,affect
heroic,affect
heroine,affect
heroism,affect
hesita,affect
hilarious,affect
hoho,affect
homesick,affect
honest,affect
honestly,affect
honesty,affect
honor,affect
honour,affect
hooray,affect
hope,affect
hoped,affect
hopeful,affect
hopefully,affect
hopeless,affect
hopes,affect
hoping,affect
horrible,affect
horribly,affect
horrid,affect
horror,affect
hostil,affect
hug,affect
hugg,affect
hugs,affect
humiliat,affect
humor,affect
humour,affect
hungover,affect
hurra,affect
hurt,affect
ideal,affect
idiot,affect
ignorable,affect
ignoramus,affect
ignorant,affect
ignore,affect
ignored,affect
ignores,affect
ignoring,affect
ily,affect
immoral,affect
impatien,affect
impersonal,affect
impolite,affect
importance,affect
important,affect
importantly,affect
impress,affect
improve,affect
improving,affect
inadequa,affect
incentive,affect
incompeten,affect
indecis,affect
ineffect,affect
inferior,affect
inferiority,affect
inhibit,affect
innocen,affect
insecur,affect
insincer,affect
inspir,affect
insult,affect
intellect,affect
intelligence,affect
intelligent,affect
interest,affect
interested,affect
interesting,affect
interests,affect
interrup,affect
intimidat,affect
invigor,affect
irrational,affect
irrita,affect
isolat,affect
jaded,affect
jealous,affect
jealousies,affect
jealously,affect
jealousy,affect
jerk,affect
jerked,affect
jerks,affect
joke,affect
joking,affect
jolly,affect
joy,affect
keen,affect
kidding,affect
kill,affect
kind,affect
kindly,affect
kindn,affect
kiss,affect
laidback,affect
lame,affect
lamely,affect
lameness,affect
lamer,affect
lamest,affect
laugh,affect
lazier,affect
laziest,affect
lazy,affect
legit,affect
liabilit,affect
liar,affect
libert,affect
lied,affect
lies,affect
to like,affect
(i) like,affect
(you) like,affect
(we) like,affect
(they) like,affect
(do) like,affect
(don't) like,affect
(did) like,affect
(didn't) like,affect
(will) like,affect
(won't) like,affect
(does) like,affect
(doesn't) like,affect
(did not) like,affect
(will not) like,affect
(do not) like,affect
(does not) like,affect
(would not) like,affect
(should not) like,affect
(could not) like,affect
(53) like,affect
likeab,affect
liked,affect
likes,affect
liking,affect
livel,affect
lmao,affect
lmfao,affect
lol,affect
lone,affect
lonelier,affect
loneliest,affect
loneliness,affect
lonely,affect
loner,affect
longing,affect
lose,affect
loser,affect
loses,affect
losing,affect
loss,affect
lost,affect
lous,affect
love,affect
loved,affect
loveless,affect
lovelier,affect
loveliest,affect
lovely,affect
lover,affect
loves,affect
loving,affect
low,affect
lower,affect
lowered,affect
lowering,affect
lowers,affect
lowest,affect
lowli,affect
lowly,affect
loyal,affect
loyalt,affect
luck,affect
lucked,affect
luckier,affect
luckiest,affect
luckily,affect
luckless,affect
lucky,affect
ludicrous,affect
luv,affect
lying,affect
mad,affect
maddening,affect
madder,affect
maddest,affect
magnific,affect
maniac,affect
masochis,affect
meaner,affect
meanest,affect
melanchol,affect
merit,affect
merr,affect
mess,affect
messier,affect
messiest,affect
messy,affect
miser,affect
miss,affect
missed,affect
misses,affect
missing,affect
mistak,affect
mock,affect
mocked,affect
mocker,affect
mocking,affect
mocks,affect
molest,affect
mooch,affect
mood,affect
moodi,affect
moods,affect
moody,affect
moron,affect
mourn,affect
murder,affect
nag,affect
nast,affect
neat,affect
neater,affect
neatest,affect
neatly,affect
neatness,affect
needy,affect
neglect,affect
nerd,affect
nervous,affect
nervously,affect
nervousness,affect
neurotic,affect
nice,affect
nicely,affect
niceness,affect
nicer,affect
nicest,affect
niceties,affect
nicety,affect
nightmar,affect
numbed,affect
numbing,affect
numbness,affect
numbs,affect
nurtur,affect
obnoxious,affect
obsess,affect
offence,affect
offend,affect
offense,affect
offenses,affect
offensive,affect
ok,affect
okay,affect
okayed,affect
okays,affect
okey,affect
oks,affect
open-minded,affect
openminded,affect
openness,affect
opportun,affect
optimal,affect
optimism,affect
optimistic,affect
original,affect
outgoing,affect
outrag,affect
overwhelm,affect
pain,affect
pained,affect
painf,affect
painl,affect
pains,affect
palatabl,affect
panic,affect
paradise,affect
paranoi,affect
partie,affect
party,affect
passion,affect
pathetic,affect
pathetically,affect
peace,affect
peaceful,affect
peacefully,affect
peacekeep,affect
peacemak,affect
peculiar,affect
perfect,affect
perfected,affect
perfecting,affect
perfection,affect
perfectly,affect
personal,affect
perv,affect
perver,affect
pervy,affect
pessimis,affect
pest,affect
petrif,affect
pettier,affect
pettiest,affect
petty,affect
phobi,affect
phony,affect
piss,affect
pitiable,affect
pitied,affect
pities,affect
pitiful,affect
pitifully,affect
pity,affect
play,affect
played,affect
playful,affect
playfully,affect
playfulness,affect
playing,affect
plays,affect
pleasant,affect
please,affect
pleasing,affect
pleasur,affect
poison,affect
polite,affect
politely,affect
poor,affect
poorer,affect
poorest,affect
poorly,affect
poorness,affect
popular,affect
populari,affect
positive,affect
positively,affect
positives,affect
positivi,affect
powerless,affect
prais,affect
precious,affect
prejudic,affect
pressur,affect
prettier,affect
prettiest,affect
pretty,affect
prick,affect
pride,affect
privileg,affect
prize,affect
problem,affect
profit,affect
promise,affect
promising,affect
protest,affect
protested,affect
protesting,affect
protests,affect
proud,affect
prouder,affect
proudest,affect
proudly,affect
puk,affect
punish,affect
pushy,affect
queas,affect
radian,affect
rage,affect
raging,affect
rancid,affect
rape,affect
raping,affect
rapist,affect
readiness,affect
ready,affect
reassur,affect
rebel,affect
reek,affect
regret,affect
reinvigor,affect
reject,affect
rejoice,affect
relax,affect
relief,affect
reliev,affect
reluctan,affect
remorse,affect
repress,affect
resent,affect
resign,affect
resolv,affect
respect,affect
respected,affect
respectful,affect
respectfully,affect
respecting,affect
restless,affect
revenge,affect
reward,affect
rich,affect
richer,affect
riches,affect
richest,affect
ridicul,affect
rigid,affect
rigidity,affect
rigidly,affect
risk,affect
rofl,affect
romanc,affect
romantic,affect
rotten,affect
rude,affect
rudely,affect
ruin,affect
sad,affect
sadder,affect
saddest,affect
sadly,affect
sadness,affect
safe,affect
safely,affect
safer,affect
safest,affect
safety,affect
sarcas,affect
satisf,affect
savage,affect
save,affect
scare,affect
scared,affect
scares,affect
scarier,affect
scariest,affect
scaring,affect
scary,affect
sceptic,affect
scream,affect
screw,affect
scrumptious,affect
secur,affect
selfish,affect
sentimental,affect
serious,affect
seriously,affect
seriousness,affect
severe,affect
sexy,affect
shake,affect
shaki,affect
shaky,affect
shame,affect
share,affect
shared,affect
shares,affect
sharing,affect
shit,affect
shock,affect
shook,affect
shy,affect
shyly,affect
shyness,affect
sick,affect
sicken,affect
sicker,affect
sickest,affect
sickly,affect
sigh,affect
sighed,affect
sighing,affect
sighs,affect
sillier,affect
silliest,affect
silly,affect
sin,affect
sincer,affect
sinister,affect
sins,affect
skeptic,affect
slut,affect
smart,affect
smarter,affect
smartest,affect
smartly,affect
smh,affect
smil,affect
smother,affect
smug,affect
snob,affect
sob,affect
sobbed,affect
sobbing,affect
sobs,affect
sociability,affect
sociable,affect
solemn,affect
sorrow,affect
sorry,affect
soulmate,affect
special,affect
spite,affect
splendid,affect
splendidly,affect
splendor,affect
stale,affect
stammer,affect
stank,affect
startl,affect
steal,affect
stench,affect
stink,affect
stinky,affect
strain,affect
strange,affect
strangest,affect
strength,affect
stress,affect
strong,affect
stronger,affect
strongest,affect
strongly,affect
struggl,affect
stubborn,affect
stunk,affect
stunned,affect
stuns,affect
stupid,affect
stupider,affect
stupidest,affect
stupidity,affect
stupidly,affect
stutter,affect
succeed,affect
success,affect
successes,affect
successful,affect
successfully,affect
suck,affect
sucked,affect
sucker,affect
sucks,affect
sucky,affect
suffer,affect
suffered,affect
sufferer,affect
suffering,affect
suffers,affect
sunnier,affect
sunniest,affect
sunny,affect
sunshin,affect
super,affect
superb,affect
superior,affect
superiority,affect
support,affect
supported,affect
supporter,affect
supporting,affect
supportive,affect
supports,affect
suprem,affect
sure,affect
surprise,affect
surprised,affect
surprising,affect
suspicio,affect
sweet,affect
sweeter,affect
sweetest,affect
sweetheart,affect
sweetie,affect
sweetly,affect
sweetness,affect
sweets,affect
talent,affect
tantrum,affect
tears,affect
teas,affect
tedious,affect
teehe,affect
temper,affect
tempers,affect
tender,affect
tenderly,affect
tense,affect
tensely,affect
tensing,affect
tension,affect
terrible,affect
terribly,affect
terrific,affect
terrifically,affect
terrified,affect
terrifies,affect
terrify,affect
terrifying,affect
terror,affect
thank,affect
thanked,affect
thankful,affect
thankfully,affect
thanking,affect
thanks,affect
thanx,affect
thief,affect
thiev,affect
thnx,affect
thoughtful,affect
threat,affect
thrill,affect
thx,affect
timid,affect
toleran,affect
tortur,affect
tough,affect
traged,affect
tragic,affect
tragically,affect
tranquil,affect
trauma,affect
treasur,affect
treat,affect
trembl,affect
trick,affect
tricked,affect
trickier,affect
trickiest,affect
tricks,affect
tricky,affect
trite,affect
triumph,affect
trivial,affect
troubl,affect
true,affect
truer,affect
truest,affect
truly,affect
trust,affect
trusted,affect
trusting,affect
trusts,affect
trustworthiness,affect
trustworthy,affect
trusty,affect
truth,affect
turmoil,affect
twitchy,affect
ty,affect
ugh,affect
uglier,affect
ugliest,affect
ugly,affect
unaccept,affect
unattractive,affect
uncertain,affect
uncomfortabl,affect
uncontrol,affect
undesir,affect
uneas,affect
unfair,affect
unfortunate,affect
unfriendly,affect
ungrateful,affect
unhapp,affect
unimportant,affect
unimpress,affect
unkind,affect
unlov,affect
unlucky,affect
unpleasant,affect
unprotected,affect
unsafe,affect
unsavory,affect
unsettl,affect
unsuccessful,affect
unsure,affect
unwelcom,affect
upbeat,affect
upset,affect
upsets,affect
upsetting,affect
uptight,affect
useful,affect
usefully,affect
usefulness,affect
useless,affect
uselessly,affect
uselessness,affect
vain,affect
valuabl,affect
value,affect
valued,affect
values,affect
valuing,affect
vanity,affect
vicious,affect
viciously,affect
viciousness,affect
victim,affect
vigor,affect
vigour,affect
vile,affect
villain,affect
violat,affect
violence,affect
violent,affect
violently,affect
virtue,affect
virtuo,affect
vital,affect
vomit,affect
vulnerab,affect
war,affect
warfare,affect
warm,affect
warmed,affect
warmer,affect
warmest,affect
warming,affect
warmly,affect
warms,affect
warmth,affect
warn,affect
warred,affect
warring,affect
wars,affect
weak,affect
weaken,affect
weakened,affect
weakening,affect
weakens,affect
weaker,affect
weakest,affect
weakling,affect
weakly,affect
wealth,affect
wealthier,affect
wealthiest,affect
wealthy,affect
weapon,affect
weary,affect
weep,affect
weird,affect
weirded,affect
weirder,affect
weirdest,affect
weirdly,affect
weirdness,affect
weirdo,affect
weirdos,affect
weirds,affect
welcom,affect
well,affect
wellbeing,affect
wellness,affect
wept,affect
whine,affect
whining,affect
whore,affect
wicked,affect
wickedly,affect
willing,affect
wimp,affect
win,affect
winn,affect
wins,affect
wisdom,affect
wise,affect
wisely,affect
wiser,affect
wisest,affect
witch,affect
woe,affect
won,affect
wonderful,affect
wonderfully,affect
worried,affect
worrier,affect
worries,affect
worry,affect
worrying,affect
worse,affect
worsen,affect
worsened,affect
worsening,affect
worsens,affect
worship,affect
worst,affect
worthless,affect
worthwhile,affect
wow,affect
wrong,affect
wrongdoing,affect
wronged,affect
wrongful,affect
wrongly,affect
wrongness,affect
wrongs,affect
yay,affect
yearn,affect
yell,affect
yelled,affect
yelling,affect
yells,affect
yuck,affect
yum,affect
yummy,affect
(:,positive
:),positive
accept,positive
accepta,positive
accepted,positive
accepting,positive
accepts,positive
active,positive
actively,positive
admir,positive
ador,positive
advantag,positive
adventur,positive
affection,positive
agree,positive
agreeable,positive
agreeableness,positive
agreeably,positive
agreed,positive
agreeing,positive
agreement,positive
agrees,positive
alright,positive
amaze,positive
amazing,positive
amazingly,positive
amor,positive
amus,positive
aok,positive
appreciat,positive
approv,positive
assur,positive
attract,positive
attracted,positive
attracting,positive
attraction,positive
attracts,positive
award,positive
awesome,positive
beautiful,positive
beautify,positive
beauty,positive
beloved,positive
benefic,positive
benefit,positive
benefits,positive
benefitt,positive
benevolen,positive
best,positive
bestest,positive
bestie,positive
besties,positive
better,positive
bless,positive
bliss,positive
bold,positive
bolder,positive
boldest,positive
boldly,positive
bonus,positive
brave,positive
braved,positive
braver,positive
bravery,positive
braves,positive
bravest,positive
bright,positive
brilliance,positive
brilliant,positive
brilliantly,positive
calm,positive
calmer,positive
calmest,positive
calming,positive
care,positive
cared,positive
carefree,positive
cares,positive
caring,positive
certain,positive
challeng,positive
champ,positive
charit,positive
charm,positive
cheer,positive
cheerful,positive
cheers,positive
cheery,positive
cherish,positive
chuckl,positive
clever,positive
comed,positive
comfort,positive
comfortable,positive
comfortably,positive
comforting,positive
comforts,positive
compassion,positive
compliment,positive
confidence,positive
confident,positive
confidently,positive
considerate,positive
contented,positive
contentment,positive
cool,positive
courag,positive
create,positive
created,positive
creates,positive
creating,positive
creation,positive
creations,positive
creative,positive
creativity,positive
credit,positive
cute,positive
cuter,positive
cutest,positive
cutie,positive
daring,positive
darlin,positive
dear,positive
dearly,positive
decent,positive
definitely,positive
delectabl,positive
delicate,positive
delicious,positive
deligh,positive
desir,positive
determina,positive
determined,positive
devot,positive
dignified,positive
dignifies,positive
dignifying,positive
dignity,positive
divin,positive
eager,positive
eagerly,positive
eagerness,positive
ease,positive
easier,positive
easiest,positive
easily,positive
easiness,positive
easing,positive
easy,positive
ecsta,positive
elegan,positive
encourag,positive
energ,positive
engag,positive
enjoy,positive
entertain,positive
enthus,positive
excel,positive
excelled,positive
excellence,positive
excellent,positive
excellently,positive
excelling,positive
excels,positive
excite,positive
excited,positive
excitedly,positive
excitement,positive
exciting,positive
fab,positive
fabulous,positive
fabulously,positive
fabulousness,positive
fair,positive
fairer,positive
fairest,positive
faith,positive
fantasi,positive
fantastic,positive
fantastical,positive
fantastically,positive
fantasy,positive
fav,positive
fave,positive
favor,positive
favoring,positive
favorite,positive
favors,positive
favour,positive
fearless,positive
festiv,positive
fiesta,positive
fine,positive
finer,positive
finest,positive
flatter,positive
flawless,positive
flexib,positive
flirt,positive
flirtatious,positive
flirting,positive
flirts,positive
flirty,positive
fond,positive
fondly,positive
fondness,positive
forgave,positive
forgiv,positive
fortunately,positive
free,positive
free-think,positive
freed,positive
freeing,positive
freely,positive
frees,positive
freethink,positive
fun,positive
funner,positive
funnest,positive
funnier,positive
funnies,positive
funniest,positive
funnily,positive
funniness,positive
funny,positive
genero,positive
gentle,positive
gentler,positive
gentlest,positive
gently,positive
giggl,positive
giver,positive
giving,positive
glad,positive
gladly,positive
glamor,positive
glamour,positive
glori,positive
glory,positive
good,positive
goodness,positive
gorgeous,positive
gorgeously,positive
gorgeousness,positive
grace,positive
graced,positive
graceful,positive
graces,positive
graci,positive
grand,positive
grande,positive
gratef,positive
grati,positive
great,positive
greater,positive
greatest,positive
greatness,positive
grin,positive
grinn,positive
grins,positive
ha,positive
hah,positive
haha,positive
handsome,positive
handsomely,positive
handsomest,positive
happier,positive
happiest,positive
happily,positive
happiness,positive
happy,positive
harmon,positive
heal,positive
healed,positive
healer,positive
healing,positive
heals,positive
healthy,positive
heartfelt,positive
heartwarm,positive
heaven,positive
heh,positive
helper,positive
helpful,positive
helpfully,positive
helpfulness,positive
helping,positive
helps,positive
hero,positive
hero's,positive
heroes,positive
heroic,positive
heroine,positive
heroism,positive
hilarious,positive
hoho,positive
honest,positive
honestly,positive
honesty,positive
honor,positive
honour,positive
hooray,positive
hope,positive
hoped,positive
hopeful,positive
hopefully,positive
hopes,positive
hoping,positive
hug,positive
hugg,positive
hugs,positive
humor,positive
humour,positive
hurra,positive
ideal,positive
ily,positive
importance,positive
important,positive
importantly,positive
impress,positive
improve,positive
improving,positive
incentive,positive
innocen,positive
inspir,positive
intellect,positive
intelligence,positive
intelligent,positive
interest,positive
interested,positive
interesting,positive
interests,positive
invigor,positive
joke,positive
joking,positive
jolly,positive
joy,positive
keen,positive
kidding,positive
kind,positive
kindly,positive
kindn,positive
kiss,positive
laidback,positive
laugh,positive
legit,positive
libert,positive
to like,positive
(i) like,positive
(you) like,positive
(we) like,positive
(they) like,positive
(do) like,positive
(don't) like,positive
(did) like,positive
(didn't) like,positive
(will) like,positive
(won't) like,positive
(does) like,positive
(doesn't) like,positive
(did not) like,positive
(will not) like,positive
(do not) like,positive
(does not) like,positive
(would not) like,positive
(should not) like,positive
(could not) like,positive
(53) like,positive
likeab,positive
liked,positive
likes,positive
liking,positive
livel,positive
lmao,positive
lmfao,positive
lol,positive
love,positive
loved,positive
lovelier,positive
loveliest,positive
lovely,positive
lover,positive
loves,positive
loving,positive
loyal,positive
loyalt,positive
luck,positive
lucked,positive
luckier,positive
luckiest,positive
luckily,positive
lucky,positive
luv,positive
magnific,positive
merit,positive
merr,positive
neat,positive
neater,positive
neatest,positive
neatness,positive
nice,positive
nicely,positive
niceness,positive
nicer,positive
nicest,positive
niceties,positive
nurtur,positive
ok,positive
okay,positive
okayed,positive
okays,positive
okey,positive
oks,positive
open-minded,positive
openminded,positive
openness,positive
opportun,positive
optimal,positive
optimism,positive
optimistic,positive
original,positive
outgoing,positive
paradise,positive
partie,positive
party,positive
passion,positive
peace,positive
peaceful,positive
peacefully,positive
peacekeep,positive
peacemak,positive
perfect,positive
perfected,positive
perfecting,positive
perfection,positive
perfectly,positive
play,positive
played,positive
playful,positive
playfully,positive
playfulness,positive
playing,positive
plays,positive
pleasant,positive
please,positive
pleasing,positive
pleasur,positive
polite,positive
politely,positive
popular,positive
populari,positive
positive,positive
positively,positive
positives,positive
positivi,positive
prais,positive
precious,positive
prettier,positive
prettiest,positive
pretty,positive
pride,positive
privileg,positive
prize,positive
profit,positive
promise,positive
promising,positive
proud,positive
prouder,positive
proudest,positive
proudly,positive
radian,positive
readiness,positive
ready,positive
reassur,positive
reinvigor,positive
rejoice,positive
relax,positive
relief,positive
reliev,positive
resolv,positive
respect,positive
respected,positive
respectful,positive
respectfully,positive
respecting,positive
reward,positive
rich,positive
richer,positive
riches,positive
richest,positive
rofl,positive
romanc,positive
romantic,positive
safe,positive
safely,positive
safer,positive
safest,positive
safety,positive
satisf,positive
save,positive
scrumptious,positive
secur,positive
sentimental,positive
sexy,positive
share,positive
shared,positive
shares,positive
sharing,positive
sillier,positive
silliest,positive
silly,positive
sincer,positive
smart,positive
smarter,positive
smartest,positive
smartly,positive
smil,positive
sociability,positive
sociable,positive
soulmate,positive
special,positive
splendid,positive
splendidly,positive
splendor,positive
strength,positive
strong,positive
stronger,positive
strongest,positive
strongly,positive
succeed,positive
success,positive
successes,positive
successful,positive
successfully,positive
sunnier,positive
sunniest,positive
sunny,positive
sunshin,positive
super,positive
superb,positive
superior,positive
support,positive
supported,positive
supporter,positive
supporting,positive
supportive,positive
supports,positive
suprem,positive
sure,positive
surprise,positive
surprised,positive
surprising,positive
sweet,positive
sweeter,positive
sweetest,positive
sweetheart,positive
sweetie,positive
sweetly,positive
sweetness,positive
sweets,positive
talent,positive
teehe,positive
tender,positive
tenderly,positive
terrific,positive
terrifically,positive
thank,positive
thanked,positive
thankful,positive
thankfully,positive
thanking,positive
thanks,positive
thanx,positive
thnx,positive
thoughtful,positive
thrill,positive
thx,positive
toleran,positive
tranquil,positive
treasur,positive
treat,positive
triumph,positive
true,positive
truer,positive
truest,positive
truly,positive
trust,positive
trusted,positive
trusting,positive
trusts,positive
trustworthiness,positive
trustworthy,positive
trusty,positive
truth,positive
ty,positive
upbeat,positive
useful,positive
usefully,positive
usefulness,positive
valuabl,positive
value,positive
valued,positive
values,positive
valuing,positive
vigor,positive
vigour,positive
virtue,positive
virtuo,positive
vital,positive
warm,positive
warmed,positive
warmer,positive
warmest,positive
warming,positive
warmly,positive
warms,positive
warmth,positive
wealth,positive
wealthier,positive
wealthiest,positive
wealthy,positive
welcom,positive
well,positive
wellbeing,positive
wellness,positive
win,positive
winn,positive
wins,positive
wisdom,positive
wise,positive
wisely,positive
wiser,positive
wisest,positive
won,positive
wonderful,positive
wonderfully,positive
worship,positive
worthwhile,positive
wow,positive
yay,positive
yum,positive
yummy,positive
):,negative
:(,negative
abandon,negative
abuse,negative
abusi,negative
ache,negative
aching,negative
advers,negative
afraid,negative
aggravat,negative
aggress,negative
aggressed,negative
aggresses,negative
aggressing,negative
aggression,negative
aggressive,negative
aggressively,negative
aggressor,negative
agitat,negative
agoniz,negative
agony,negative
alarm,negative
alone,negative
anger,negative
angrier,negative
angriest,negative
angry,negative
anguish,negative
annoy,negative
annoyed,negative
annoying,negative
annoys,negative
antagoni,negative
anxiety,negative
anxious,negative
anxiously,negative
anxiousness,negative
apath,negative
appall,negative
apprehens,negative
argh,negative
argu,negative
arrogan,negative
asham,negative
assault,negative
asshole,negative
attack,negative
aversi,negative
avoid,negative
awful,negative
awkward,negative
bad,negative
badly,negative
bashful,negative
bastard,negative
battl,negative
beaten,negative
bereave,negative
bitch,negative
bitter,negative
bitterly,negative
bitterness,negative
blam,negative
bore,negative
boring,negative
bother,negative
broke,negative
brutal,negative
burden,negative
careless,negative
cheat,negative
coldly,negative
complain,negative
condemn,negative
confront,negative
confuse,negative
confused,negative
confusedly,negative
confusing,negative
contempt,negative
contradic,negative
crap,negative
crappy,negative
crazy,negative
cried,negative
cries,negative
critical,negative
critici,negative
crude,negative
crudely,negative
cruel,negative
crueler,negative
cruelest,negative
cruelty,negative
crushed,negative
cry,negative
crying,negative
cunt,negative
curse,negative
cut,negative
cynic,negative
damag,negative
damn,negative
danger,negative
dangerous,negative
dangerously,negative
dangers,negative
daze,negative
decay,negative
deceptive,negative
deceiv,negative
defeat,negative
defect,negative
defenc,negative
defend,negative
defense,negative
defenseless,negative
defensive,negative
defensively,negative
defensiveness,negative
degrad,negative
demean,negative
demot,negative
denial,negative
depress,negative
depriv,negative
despair,negative
desperat,negative
despis,negative
destroy,negative
destruct,negative
destructed,negative
destruction,negative
destructive,negative
destructiveness,negative
devastat,negative
devil,negative
difficult,negative
difficulties,negative
difficulty,negative
disadvantag,negative
disagree,negative
disappoint,negative
disaster,negative
discomfort,negative
discourag,negative
disgrac,negative
disgust,negative
dishearten,negative
dishonor,negative
disillusion,negative
dislike,negative
disliked,negative
dislikes,negative
disliking,negative
dismay,negative
disreput,negative
diss,negative
dissatisf,negative
distraught,negative
distress,negative
distrust,negative
disturb,negative
domina,negative
doom,negative
dork,negative
doubt,negative
dread,negative
dull,negative
dumb,negative
dumbass,negative
dumber,negative
dumbest,negative
dummy,negative
dump,negative
dwell,negative
egotis,negative
embarrass,negative
emotional,negative
emptier,negative
emptiest,negative
emptiness,negative
empty,negative
enemie,negative
enemy,negative
enrag,negative
envie,negative
envious,negative
envy,negative
evil,negative
excruciat,negative
exhaust,negative
fail,negative
fake,negative
fatal,negative
fatigu,negative
fault,negative
fear,negative
feared,negative
fearful,negative
fearing,negative
fears,negative
feroc,negative
feud,negative
fiery,negative
fight,negative
fired,negative
flunk,negative
foe,negative
fool,negative
fooled,negative
fooling,negative
foolish,negative
foolishly,negative
fools,negative
forbade,negative
forbid,negative
forbidden,negative
forbidding,negative
forbids,negative
fought,negative
frantic,negative
freak,negative
fright,negative
frustrat,negative
fuck,negative
fucked,negative
fucker,negative
fuckface,negative
fuckh,negative
fuckin,negative
fucks,negative
fucktard,negative
fucktwat,negative
fuckwad,negative
fume,negative
fuming,negative
furious,negative
fury,negative
geek,negative
gloom,negative
gloomier,negative
gloomiest,negative
gloomily,negative
gloominess,negative
gloomy,negative
goddam,negative
good-for-nothing,negative
gossip,negative
grave,negative
greed,negative
grief,negative
griev,negative
grim,negative
grimac,negative
grimly,negative
gross,negative
grossed,negative
grosser,negative
grossest,negative
grossing,negative
grossly,negative
grossness,negative
grouch,negative
grr,negative
grudg,negative
guilt,negative
guilt-trip,negative
guiltier,negative
guiltiest,negative
guilty,negative
hangover,negative
harass,negative
harm,negative
harmed,negative
harmful,negative
harmfully,negative
harmfulness,negative
harming,negative
harms,negative
harsh,negative
hate,negative
hated,negative
hateful,negative
hater,negative
hates,negative
hating,negative
hatred,negative
haunted,negative
hazard,negative
heartbreak,negative
heartbroke,negative
heartless,negative
hell,negative
hellish,negative
helpless,negative
hesita,negative
homesick,negative
hopeless,negative
horrible,negative
horribly,negative
horrid,negative
horror,negative
hostil,negative
humiliat,negative
hungover,negative
hurt,negative
idiot,negative
ignorable,negative
ignoramus,negative
ignorant,negative
ignore,negative
ignored,negative
ignores,negative
ignoring,negative
immoral,negative
impatien,negative
impersonal,negative
impolite,negative
inadequa,negative
incompeten,negative
indecis,negative
ineffect,negative
inferior,negative
inferiority,negative
inhibit,negative
insecur,negative
insincer,negative
insult,negative
interrup,negative
intimidat,negative
irrational,negative
irrita,negative
isolat,negative
jaded,negative
jealous,negative
jealousies,negative
jealously,negative
jealousy,negative
jerk,negative
jerked,negative
jerks,negative
kill,negative
lame,negative
lamely,negative
lameness,negative
lamer,negative
lamest,negative
lazier,negative
laziest,negative
lazy,negative
liabilit,negative
liar,negative
lied,negative
lies,negative
lone,negative
lonelier,negative
loneliest,negative
loneliness,negative
lonely,negative
loner,negative
longing,negative
lose,negative
loser,negative
loses,negative
losing,negative
loss,negative
lost,negative
lous,negative
loveless,negative
low,negative
lower,negative
lowered,negative
lowering,negative
lowers,negative
lowest,negative
lowli,negative
lowly,negative
luckless,negative
ludicrous,negative
lying,negative
mad,negative
maddening,negative
madder,negative
maddest,negative
maniac,negative
masochis,negative
meaner,negative
meanest,negative
melanchol,negative
mess,negative
messier,negative
messiest,negative
messy,negative
miser,negative
miss,negative
missed,negative
misses,negative
missing,negative
mistak,negative
mock,negative
mocked,negative
mocker,negative
mocking,negative
mocks,negative
molest,negative
mooch,negative
moodi,negative
moody,negative
moron,negative
mourn,negative
murder,negative
nag,negative
nast,negative
needy,negative
neglect,negative
nerd,negative
nervous,negative
nervously,negative
nervousness,negative
neurotic,negative
nightmar,negative
numbed,negative
numbing,negative
numbness,negative
numbs,negative
obnoxious,negative
obsess,negative
offence,negative
offend,negative
offense,negative
offenses,negative
offensive,negative
outrag,negative
overwhelm,negative
pain,negative
pained,negative
painf,negative
pains,negative
panic,negative
paranoi,negative
pathetic,negative
pathetically,negative
peculiar,negative
perv,negative
perver,negative
pervy,negative
pessimis,negative
pest,negative
petrif,negative
pettier,negative
pettiest,negative
petty,negative
phobi,negative
phony,negative
piss,negative
pitiable,negative
pitied,negative
pities,negative
pitiful,negative
pitifully,negative
pity,negative
poison,negative
poor,negative
poorer,negative
poorest,negative
poorly,negative
poorness,negative
powerless,negative
prejudic,negative
pressur,negative
prick,negative
problem,negative
protest,negative
protested,negative
protesting,negative
protests,negative
puk,negative
punish,negative
pushy,negative
queas,negative
rage,negative
raging,negative
rancid,negative
rape,negative
raping,negative
rapist,negative
rebel,negative
reek,negative
regret,negative
reject,negative
reluctan,negative
remorse,negative
repress,negative
resent,negative
resign,negative
restless,negative
revenge,negative
ridicul,negative
rigid,negative
rigidity,negative
rigidly,negative
risk,negative
rotten,negative
rude,negative
rudely,negative
ruin,negative
sad,negative
sadder,negative
saddest,negative
sadly,negative
sadness,negative
sarcas,negative
savage,negative
scare,negative
scared,negative
scares,negative
scarier,negative
scariest,negative
scaring,negative
scary,negative
sceptic,negative
scream,negative
screw,negative
selfish,negative
serious,negative
seriously,negative
seriousness,negative
severe,negative
shake,negative
shaki,negative
shaky,negative
shame,negative
shit,negative
shock,negative
shook,negative
shy,negative
shyly,negative
shyness,negative
sick,negative
sicken,negative
sicker,negative
sickest,negative
sickly,negative
sigh,negative
sighed,negative
sighing,negative
sighs,negative
sin,negative
sinister,negative
sins,negative
slut,negative
smh,negative
smother,negative
smug,negative
snob,negative
sob,negative
sobbed,negative
sobbing,negative
sobs,negative
solemn,negative
sorrow,negative
sorry,negative
spite,negative
stale,negative
stammer,negative
stank,negative
startl,negative
steal,negative
stench,negative
stink,negative
stinky,negative
strain,negative
strange,negative
strangest,negative
stress,negative
struggl,negative
stubborn,negative
stunk,negative
stupid,negative
stupider,negative
stupidest,negative
stupidity,negative
stupidly,negative
stutter,negative
suck,negative
sucked,negative
sucker,negative
sucks,negative
sucky,negative
suffer,negative
suffered,negative
sufferer,negative
suffering,negative
suffers,negative
suspicio,negative
tantrum,negative
tears,negative
teas,negative
tedious,negative
temper,negative
tempers,negative
tense,negative
tensely,negative
tensing,negative
tension,negative
terrible,negative
terribly,negative
terrified,negative
terrifies,negative
terrify,negative
terrifying,negative
terror,negative
thief,negative
thiev,negative
threat,negative
timid,negative
tortur,negative
traged,negative
tragic,negative
tragically,negative
trauma,negative
trembl,negative
trick,negative
tricked,negative
trickier,negative
trickiest,negative
tricks,negative
tricky,negative
trite,negative
trivial,negative
troubl,negative
turmoil,negative
twitchy,negative
ugh,negative
uglier,negative
ugliest,negative
ugly,negative
unaccept,negative
unattractive,negative
uncertain,negative
uncomfortabl,negative
uncontrol,negative
undesir,negative
uneas,negative
unfair,negative
unfortunate,negative
unfriendly,negative
ungrateful,negative
unhapp,negative
unimportant,negative
unimpress,negative
unkind,negative
unlov,negative
unlucky,negative
unpleasant,negative
unprotected,negative
unsafe,negative
unsavory,negative
unsettl,negative
unsuccessful,negative
unsure,negative
unwelcom,negative
upset,negative
upsets,negative
upsetting,negative
uptight,negative
useless,negative
uselessly,negative
uselessness,negative
vain,negative
vanity,negative
vicious,negative
viciously,negative
viciousness,negative
victim,negative
vile,negative
villain,negative
violat,negative
violence,negative
violent,negative
violently,negative
vomit,negative
vulnerab,negative
war,negative
warfare,negative
warn,negative
warred,negative
warring,negative
wars,negative
weak,negative
weaken,negative
weakened,negative
weakening,negative
weakens,negative
weaker,negative
weakest,negative
weakling,negative
weakly,negative
weapon,negative
weary,negative
weep,negative
weird,negative
weirded,negative
weirder,negative
weirdest,negative
weirdly,negative
weirdness,negative
weirdo,negative
weirdos,negative
weirds,negative
wept,negative
whine,negative
whining,negative
whore,negative
wicked,negative
wickedly,negative
wimp,negative
witch,negative
woe,negative
worried,negative
worrier,negative
worries,negative
worry,negative
worrying,negative
worse,negative
worsen,negative
worsened,negative
worsening,negative
worsens,negative
worst,negative
worthless,negative
wrong,negative
wrongdoing,negative
wronged,negative
wrongful,negative
wrongly,negative
wrongness,negative
wrongs,negative
yearn,negative
yell,negative
yelled,negative
yelling,negative
yells,negative
yuck,negative
afraid,anx
alarm,anx
anxiety,anx
anxious,anx
anxiously,anx
anxiousness,anx
apprehens,anx
asham,anx
aversi,anx
avoid,anx
awkward,anx
confuse,anx
confused,anx
confusedly,anx
confusing,anx
desperat,anx
discomfort,anx
distraught,anx
distress,anx
disturb,anx
doubt,anx
dread,anx
dwell,anx
embarrass,anx
fear,anx
feared,anx
fearful,anx
fearing,anx
fears,anx
frantic,anx
fright,anx
guilt,anx
guilt-trip,anx
guilty,anx
hesita,anx
horrible,anx
horribly,anx
horrid,anx
horror,anx
humiliat,anx
impatien,anx
inadequa,anx
indecis,anx
inhibit,anx
insecur,anx
irrational,anx
irrita,anx
miser,anx
nervous,anx
nervously,anx
nervousness,anx
neurotic,anx
obsess,anx
overwhelm,anx
panic,anx
paranoi,anx
petrif,anx
phobi,anx
pressur,anx
reluctan,anx
repress,anx
restless,anx
rigid,anx
rigidity,anx
rigidly,anx
risk,anx
scare,anx
scared,anx
scares,anx
scarier,anx
scariest,anx
scaring,anx
scary,anx
shake,anx
shaki,anx
shaky,anx
shame,anx
shook,anx
shy,anx
shyly,anx
shyness,anx
startl,anx
strain,anx
stress,anx
struggl,anx
suspicio,anx
tense,anx
tensely,anx
tensing,anx
tension,anx
terrified,anx
terrifies,anx
terrify,anx
terrifying,anx
terror,anx
threat,anx
timid,anx
trembl,anx
turmoil,anx
twitchy,anx
uncertain,anx
uncomfortabl,anx
uncontrol,anx
uneas,anx
unsettl,anx
unsure,anx
upset,anx
upsets,anx
upsetting,anx
uptight,anx
vulnerab,anx
worried,anx
worrier,anx
worries,anx
worry,anx
worrying,anx
abuse,anger
abusi,anger
aggravat,anger
aggress,anger
aggressed,anger
aggresses,anger
aggressing,anger
aggression,anger
aggressive,anger
aggressively,anger
aggressor,anger
agitat,anger
anger,anger
angrier,anger
angriest,anger
angry,anger
annoy,anger
annoyed,anger
annoying,anger
annoys,anger
antagoni,anger
argh,anger
argu,anger
assault,anger
asshole,anger
attack,anger
bastard,anger
battl,anger
beaten,anger
bitch,anger
bitter,anger
bitterly,anger
bitterness,anger
blam,anger
bother,anger
brutal,anger
cheat,anger
confront,anger
contempt,anger
contradic,anger
crap,anger
crappy,anger
critical,anger
critici,anger
cruel,anger
crueler,anger
cruelest,anger
cruelty,anger
cunt,anger
cynic,anger
damn,anger
despis,anger
destroy,anger
destruct,anger
destructed,anger
destruction,anger
destructive,anger
destructiveness,anger
distrust,anger
domina,anger
dumb,anger
dumbass,anger
dumber,anger
dumbest,anger
dummy,anger
enemie,anger
enemy,anger
enrag,anger
envie,anger
envious,anger
envy,anger
feroc,anger
feud,anger
fiery,anger
fight,anger
foe,anger
fought,anger
frustrat,anger
fuck,anger
fucked,anger
fucker,anger
fuckface,anger
fuckh,anger
fuckin,anger
fucks,anger
fucktard,anger
fucktwat,anger
fuckwad,anger
fume,anger
fuming,anger
furious,anger
fury,anger
goddam,anger
greed,anger
grouch,anger
grr,anger
grudg,anger
harass,anger
hate,anger
hated,anger
hateful,anger
hater,anger
hates,anger
hating,anger
hatred,anger
heartless,anger
hell,anger
hellish,anger
hostil,anger
humiliat,anger
idiot,anger
insult,anger
interrup,anger
intimidat,anger
jealous,anger
jealousies,anger
jealously,anger
jealousy,anger
jerk,anger
jerked,anger
jerks,anger
kill,anger
liar,anger
lied,anger
lies,anger
ludicrous,anger
lying,anger
mad,anger
maddening,anger
madder,anger
maddest,anger
maniac,anger
meaner,anger
meanest,anger
mock,anger
mocked,anger
mocker,anger
mocking,anger
mocks,anger
moron,anger
murder,anger
nag,anger
nast,anger
obnoxious,anger
offence,anger
offend,anger
offense,anger
offenses,anger
offensive,anger
outrag,anger
pest,anger
pettier,anger
pettiest,anger
petty,anger
piss,anger
poison,anger
prejudic,anger
prick,anger
protest,anger
protested,anger
protesting,anger
protests,anger
punish,anger
pushy,anger
rage,anger
raging,anger
rape,anger
raping,anger
rapist,anger
rebel,anger
resent,anger
revenge,anger
ridicul,anger
rude,anger
rudely,anger
sarcas,anger
savage,anger
sceptic,anger
screw,anger
shit,anger
sinister,anger
smother,anger
snob,anger
spite,anger
stubborn,anger
stupid,anger
stupider,anger
stupidest,anger
stupidity,anger
stupidly,anger
suck,anger
sucked,anger
sucker,anger
sucks,anger
sucky,anger
tantrum,anger
teas,anger
temper,anger
tempers,anger
threat,anger
tortur,anger
trick,anger
tricked,anger
trickier,anger
trickiest,anger
tricks,anger
tricky,anger
uglier,anger
ugliest,anger
ugly,anger
vicious,anger
viciously,anger
viciousness,anger
vile,anger
villain,anger
violat,anger
violent,anger
violently,anger
war,anger
warfare,anger
warred,anger
warring,anger
wars,anger
weapon,anger
wicked,anger
wickedly,anger
yell,anger
yelled,anger
yelling,anger
yells,anger
abandon,sad
agoniz,sad
agony,sad
alone,sad
bereave,sad
broke,sad
cried,sad
cries,sad
crushed,sad
cry,sad
crying,sad
depress,sad
depriv,sad
despair,sad
devastat,sad
disappoint,sad
discourag,sad
dishearten,sad
disillusion,sad
doom,sad
dull,sad
emptier,sad
emptiest,sad
emptiness,sad
empty,sad
fail,sad
fatigu,sad
flunk,sad
gloom,sad
gloomier,sad
gloomiest,sad
gloomily,sad
gloominess,sad
gloomy,sad
grave,sad
grief,sad
griev,sad
grim,sad
grimly,sad
heartbreak,sad
heartbroke,sad
helpless,sad
homesick,sad
hopeless,sad
hurt,sad
inadequa,sad
inferior,sad
inferiority,sad
isolat,sad
lame,sad
lamely,sad
lameness,sad
lamer,sad
lamest,sad
lone,sad
lonelier,sad
loneliest,sad
loneliness,sad
lonely,sad
loner,sad
longing,sad
lose,sad
loser,sad
loses,sad
losing,sad
loss,sad
lost,sad
low,sad
lower,sad
lowered,sad
lowering,sad
lowers,sad
lowest,sad
lowli,sad
lowly,sad
melanchol,sad
miser,sad
miss,sad
missed,sad
misses,sad
missing,sad
mourn,sad
neglect,sad
overwhelm,sad
pathetic,sad
pathetically,sad
pessimis,sad
pitiable,sad
pitied,sad
pities,sad
pitiful,sad
pitifully,sad
pity,sad
regret,sad
reject,sad
remorse,sad
resign,sad
ruin,sad
sad,sad
sadder,sad
saddest,sad
sadly,sad
sadness,sad
sigh,sad
sighed,sad
sighing,sad
sighs,sad
sob,sad
sobbed,sad
sobbing,sad
sobs,sad
solemn,sad
sorrow,sad
sorry,sad
suffer,sad
suffered,sad
sufferer,sad
suffering,sad
suffers,sad
tears,sad
traged,sad
tragic,sad
tragically,sad
unhapp,sad
unimportant,sad
unsuccessful,sad
useless,sad
uselessly,sad
uselessness,sad
weep,sad
wept,sad
whine,sad
whining,sad
woe,sad
worthless,sad
yearn,sad
