name,class
):,affect
3q,affect
:(,affect
:),affect
<3,affect
fuck,affect
ha,affect
love,affect
luv,affect
ok,affect
shit,affect
thx,affect
ya,affect
yeah,affect
yuck,affect
yum,affect
yummy,affect
ㄏㄏ,affect
一流,affect
一無所有,affect
七竅生煙,affect
上當,affect
上級,affect
下定決心,affect
下流,affect
下等,affect
不,affect
不仁,affect
不便,affect
不公平,affect
不准,affect
不利,affect
不友善,affect
不受,affect
不可思議,affect
不可知,affect
不善,affect
不喜歡,affect
不好,affect
不安,affect
不定,affect
不宜,affect
不小心,affect
不屑,affect
不平,affect
不幸,affect
不悅,affect
不愛,affect
不懷好意,affect
不拘小節,affect
不服,affect
不滿,affect
不滿足,affect
不爽,affect
不甘,affect
不當,affect
不知所措,affect
不祥,affect
不穩,affect
不符,affect
不耐,affect
不耐煩,affect
不要,affect
不解,affect
不貞,affect
不費力,affect
不足,affect
不適,affect
不錯,affect
不靈,affect
不順,affect
不顧,affect
不顧一切,affect
世仇,affect
丟下,affect
丟人,affect
丟人現眼,affect
丟棄,affect
丟臉,affect
中斷,affect
主動,affect
乏味,affect
乖僻,affect
乾杯,affect
乾淨,affect
亂,affect
了不起,affect
事故,affect
交往,affect
交戰,affect
享受,affect
人心惶惶,affect
仁心,affect
仁愛,affect
仁慈,affect
仁義,affect
仁術,affect
仇,affect
仇人,affect
仇恨,affect
仇敵,affect
仇殺,affect
仇視,affect
仔細,affect
他媽的,affect
付出,affect
任性,affect
仿冒,affect
伴侶,affect
伶俐,affect
低下,affect
低沉,affect
低矮,affect
低等,affect
低能,affect
低能兒,affect
低落,affect
低迷,affect
佔便宜,affect
作品,affect
作嘔,affect
作弊,affect
佳*,affect
使勁,affect
依戀,affect
侮辱,affect
侵佔,affect
侵害,affect
侵擾,affect
侵犯,affect
侵略,affect
侵略國,affect
侵襲,affect
侷促,affect
俊美,affect
俐落,affect
俗,affect
俗氣,affect
保衛,affect
保證,affect
保護,affect
信任,affect
信奉,affect
信實,affect
信心,affect
信服,affect
信義,affect
信譽,affect
信賴,affect
倒楣,affect
倒霉,affect
倔強,affect
值得,affect
值錢,affect
假裝,affect
偉大,affect
偏執,affect
偏執狂,affect
偏好,affect
偏心,affect
偏愛,affect
偏見,affect
健康,affect
健美,affect
偷,affect
偷取,affect
偷竊,affect
偽善,affect
偽造,affect
傑出,affect
傲慢,affect
傳情,affect
債務,affect
傷,affect
傷亡,affect
傷人,affect
傷勢,affect
傷口,affect
傷天害理,affect
傷害,affect
傷心*,affect
傷悲,affect
傷感*,affect
傷殘,affect
傷痕*,affect
傷痛,affect
傷神,affect
傻,affect
傻子,affect
傻瓜,affect
傻笑,affect
像樣,affect
僥倖,affect
僵住,affect
僵冷,affect
僵化,affect
僵局,affect
僵持*,affect
僵硬,affect
優,affect
優勝,affect
優勢,affect
優惠,affect
優於,affect
優柔寡斷,affect
優秀,affect
優等,affect
優美,affect
優良,affect
優越,affect
優雅,affect
優點,affect
允諾,affect
元兇,affect
充沛,affect
兇*,affect
兇惡,affect
光亮,affect
光彩,affect
光榮,affect
光輝,affect
克制,affect
免費,affect
入侵,affect
內疚,affect
內疚感,affect
八卦,affect
公平,affect
公憤,affect
公正,affect
典範,affect
冒充,affect
冒昧,affect
冒犯,affect
冒險,affect
冠軍,affect
冷,affect
冷淡,affect
冷漠,affect
冷酷,affect
冷靜,affect
凌亂,affect
凱旋,affect
凶*,affect
凶惡,affect
凶殘,affect
凶猛,affect
出色,affect
分享,affect
分心,affect
分手,affect
分擔,affect
分散,affect
分歧,affect
分紅,affect
分裂,affect
判刑,affect
利己,affect
利潤,affect
利益,affect
刺傷,affect
刺激,affect
刺痛,affect
刺眼,affect
刺耳,affect
刻薄,affect
剝奪,affect
割,affect
創作,affect
創傷,affect
創建,affect
創立,affect
創造,affect
創造力,affect
劇烈,affect
功勞,affect
劣*,affect
劣勢,affect
助人,affect
勇士,affect
勇敢,affect
勇氣,affect
勉強,affect
動人,affect
動怒,affect
動搖,affect
動盪,affect
動聽,affect
勝利,affect
勝過,affect
勢利,affect
勾引,affect
卑劣,affect
卑微,affect
卑鄙,affect
卓越,affect
協助,affect
博學,affect
博愛,affect
危*,affect
危險,affect
厄運,affect
厚顏,affect
厚顏無恥,affect
原諒,affect
厭世,affect
厭倦,affect
厭惡,affect
厭煩,affect
厭食,affect
及時,affect
友*,affect
友善,affect
友好,affect
反叛,affect
反對,affect
反常,affect
反感,affect
反抗,affect
反派,affect
反胃,affect
反駁,affect
取笑,affect
受不了,affect
受傷,affect
受害,affect
受害者,affect
受寵,affect
受惠,affect
受罪,affect
受苦,affect
受虐,affect
受騙,affect
叛亂,affect
口吃,affect
古怪,affect
叫喊,affect
可人,affect
可以,affect
可信,affect
可厭,affect
可口,affect
可怕,affect
可恥,affect
可悲,affect
可惡,affect
可愛,affect
可憎,affect
可憐,affect
可接受,affect
可畏,affect
可笑,affect
可鄙,affect
可靠,affect
吃醋,affect
吃驚,affect
合宜,affect
合法,affect
合理,affect
同情,affect
同意,affect
吝嗇,affect
否定,affect
否認,affect
含糊,affect
吸引,affect
吹毛求疵,affect
吻,affect
吼叫,affect
呆*,affect
呆的,affect
周到,affect
呵呵,affect
呸,affect
呼天搶地,affect
命運,affect
咆嘯,affect
和事佬,affect
和善,affect
和平,affect
和煦,affect
和睦,affect
和藹,affect
和諧,affect
咒罵,affect
咬牙切齒,affect
咯咯笑,affect
哀傷,affect
哀怨,affect
哀愁,affect
哀慟,affect
哀求,affect
哀淒,affect
哀痛,affect
哀號,affect
品德,affect
品行,affect
哄騙,affect
哇,affect
哇哦,affect
哇塞,affect
哇賽,affect
哈,affect
哈哈,affect
哎呀,affect
哭喊,affect
哭泣,affect
哭訴,affect
哭鬧,affect
哽咽,affect
唉聲,affect
唐突,affect
問題,affect
啜泣,affect
善心,affect
善意,affect
善於交際,affect
善良,affect
喜上眉稍,affect
喜出望外,affect
喜劇,affect
喜宴,affect
喜形於色,affect
喜從天降,affect
喜怒哀樂,affect
喜怒無常,affect
喜悅,affect
喜愛,affect
喜慶,affect
喜新厭舊,affect
喜極而泣,affect
喜歡,affect
喜氣*,affect
喝采,affect
喪偶,affect
喪失,affect
喪心*,affect
喪志,affect
喪氣,affect
喪生,affect
喪盡*,affect
喪禮,affect
喪膽,affect
喪親,affect
單獨,affect
嗚咽,affect
嘆,affect
嘆息,affect
嘆氣,affect
嘉獎,affect
嘔吐,affect
嘮叨,affect
嘲弄,affect
嘲笑,affect
嘲罵,affect
嘲諷,affect
嘻,affect
嘻嘻,affect
嘿嘿,affect
噁,affect
噁心,affect
嚇*,affect
嚇人,affect
嚮往,affect
嚴厲,affect
嚴峻,affect
嚴格,affect
嚴肅,affect
嚴酷,affect
嚴重,affect
回春,affect
困*,affect
困惑,affect
困擾,affect
困難,affect
固執,affect
圓滿,affect
坎坷,affect
坦率,affect
坦白,affect
坦誠,affect
垃圾,affect
埋怨,affect
執拗,affect
堂皇,affect
堅固,affect
堅定,affect
堅強,affect
堅決,affect
報仇,affect
報復,affect
墮落,affect
壓制,affect
壓力,affect
壓抑,affect
壓迫,affect
壞,affect
壞事,affect
壞人,affect
壞心,affect
壞死,affect
壞的,affect
壞處,affect
壞蛋,affect
壞話,affect
壞運,affect
壯觀,affect
壯闊,affect
壯麗,affect
外傷,affect
外向,affect
外行,affect
多情,affect
多疑,affect
多餘,affect
夢想,affect
夢魘,affect
大,affect
大叫,affect
大方,affect
大笑,affect
大膽,affect
天堂,affect
天才,affect
天資,affect
天賦,affect
失去,affect
失控,affect
失敗,affect
失望,affect
失眠,affect
失誤,affect
奇妙,affect
奇怪,affect
奇特,affect
奇異,affect
奉承,affect
奉獻,affect
奚落,affect
女傑,affect
好,affect
好事,affect
好吃,affect
好哇,affect
好感,affect
好棒,affect
好極,affect
好玩,affect
好笑,affect
好處,affect
好運,affect
好鬥,affect
妄想,affect
妒忌,affect
妓女,affect
妨害,affect
妨礙,affect
威嚴,affect
威脅,affect
娛樂,affect
娼妓,affect
婊子,affect
媽的,affect
嫉*,affect
嫉妒,affect
嫌*,affect
嫩,affect
嫵媚,affect
嬉笑*,affect
嬉鬧,affect
嬌弱,affect
孝,affect
孝敬,affect
孝順,affect
孤*,affect
孤單,affect
孤獨,affect
宅,affect
安全,affect
安寧,affect
安心,affect
安慰,affect
安穩,affect
安逸,affect
安靜,affect
完備,affect
完善,affect
完美,affect
宏偉,affect
宏大,affect
宜人,affect
客氣,affect
害怕,affect
害羞,affect
害臊,affect
害蟲,affect
容光煥發,affect
容忍,affect
容易,affect
宿醉,affect
寂寞,affect
寂寥,affect
密友,affect
富,affect
富有,affect
富裕,affect
富豪,affect
寒酸,affect
寧靜,affect
寬大,affect
寬容,affect
寬恕,affect
寵愛,affect
寶貝,affect
寶貴,affect
尊嚴,affect
尊敬,affect
尊榮,affect
尊貴,affect
尊重,affect
尋歡作樂,affect
對,affect
對抗,affect
對質,affect
小偷,affect
小心,affect
小氣,affect
尖叫,affect
就緒,affect
尷尬,affect
屁眼,affect
岔開,affect
崇拜,affect
崇高,affect
工整,affect
巧妙,affect
巫婆,affect
巫術,affect
差,affect
差勁,affect
希望,affect
帥,affect
帥氣,affect
幫助,affect
幫忙,affect
幫手,affect
干擾,affect
平凡,affect
平和,affect
平安,affect
平庸,affect
平穩,affect
平靜,affect
幸好,affect
幸福,affect
幸運,affect
幹,affect
幻想,affect
幼稚,affect
幽默,affect
庇護,affect
廢物,affect
弄壞,affect
弄痛,affect
引人注目,affect
引誘,affect
弱,affect
弱點,affect
強,affect
強健,affect
強力,affect
強勁,affect
強勢,affect
強壯,affect
強姦,affect
強暴犯,affect
強求,affect
強烈,affect
強硬,affect
強迫,affect
很棒,affect
後悔,affect
徒勞,affect
徒勞無功,affect
徒然,affect
得意,affect
得意洋洋,affect
得罪,affect
得體,affect
徘徊,affect
從容,affect
復仇,affect
復甦,affect
復興,affect
徬徨,affect
微弱,affect
微笑,affect
微醺,affect
德行,affect
心情,affect
心愛,affect
心灰意冷,affect
心煩,affect
心煩意亂,affect
心痛,affect
心碎,affect
心神不定,affect
心神不寧,affect
心胸寬大,affect
心酸,affect
忌妒,affect
忍*,affect
忐忑*,affect
忘恩負義,affect
忘記,affect
忠,affect
忠孝,affect
忠實,affect
忠心,affect
忠誠,affect
快樂,affect
忽略,affect
忽視,affect
怒,affect
怒不*,affect
怒吼,affect
怒斥,affect
怒氣*,affect
怒火*,affect
怒目*,affect
怒罵,affect
怒色,affect
怒視,affect
怕,affect
怕生,affect
怕羞,affect
思,affect
思念,affect
思鄉,affect
怠慢,affect
怡人,affect
性情,affect
性感,affect
性騷擾,affect
怨恨,affect
怪,affect
怪人,affect
怪異,affect
怪胎,affect
怪誕,affect
恍惚,affect
恐嚇,affect
恐怖,affect
恐慌,affect
恐懼,affect
恥辱,affect
恨*,affect
恩典,affect
恩惠,affect
恬*,affect
恭維,affect
恰好,affect
恰當,affect
悅耳,affect
悔之*,affect
悔恨,affect
悔悟,affect
悔意,affect
悔改,affect
悔過,affect
悠閒,affect
患病,affect
悲傷,affect
悲劇,affect
悲哀,affect
悲喜*,affect
悲喜交加,affect
悲悽,affect
悲情,affect
悲愁,affect
悲慘,affect
悲慟,affect
悲憤,affect
悲憫,affect
悲歡*,affect
悲痛,affect
悲苦,affect
悲觀,affect
悶,affect
悶悶不樂,affect
情人,affect
情感,affect
情緒,affect
情緒化,affect
情願,affect
惋惜,affect
惡人,affect
惡作劇,affect
惡劣,affect
惡化,affect
惡名昭彰,affect
惡夢,affect
惡性,affect
惡意,affect
惡毒,affect
惡狠狠,affect
惡耗,affect
惡臭,affect
惡言,affect
惡運,affect
惡鬥,affect
惡魔,affect
惱*,affect
惱人,affect
惱怒,affect
想,affect
想像,affect
想像力,affect
想念,affect
惶*,affect
惹惱,affect
愁,affect
愁*,affect
愉*,affect
愉快,affect
愉悅,affect
愚弄,affect
愚笨,affect
愚蠢,affect
愛,affect
愛人,affect
愛好,affect
愛心,affect
愛情,affect
愛慕,affect
愛戀,affect
愛護,affect
感傷,affect
感恩,affect
感情,affect
感激,affect
感興趣,affect
感謝,affect
愧*,affect
慈善,affect
慈悲,affect
慈祥,affect
慌*,affect
慘,affect
慘*,affect
慢,affect
慶典,affect
慶功,affect
慶幸,affect
慶生,affect
慶祝,affect
慶賀,affect
慷慨,affect
慾望,affect
憂傷,affect
憂勞,affect
憂心,affect
憂心*,affect
憂患*,affect
憂愁,affect
憂慮,affect
憂煩,affect
憂鬱,affect
憎*,affect
憐惜,affect
憐憫,affect
憤*,affect
憤怒,affect
憤恨,affect
應付,affect
懊悔,affect
懊惱,affect
懦*,affect
懦夫,affect
懲罰,affect
懶惰,affect
懶散,affect
懷念,affect
懷疑,affect
懷疑論,affect
懷鄉,affect
懼怕,affect
戀人,affect
戀愛,affect
成功,affect
成就,affect
成見,affect
戒心,affect
戰亂,affect
戰勝,affect
戰敗,affect
戰火,affect
戰爭,affect
戰鬥,affect
戲弄,affect
才智,affect
才能,affect
才華,affect
打,affect
打仗,affect
打倒,affect
打岔,affect
打情罵俏,affect
打擊,affect
打擾,affect
打攪,affect
打敗,affect
打斷,affect
打架,affect
打破,affect
扭曲,affect
扶持,affect
批判,affect
批評,affect
承擔,affect
承諾,affect
把握,affect
抑制,affect
抑鬱,affect
投入,affect
抗爭,affect
抗議,affect
折磨,affect
抨擊,affect
抱,affect
抱怨,affect
抱歉,affect
抵制,affect
拉緊,affect
拋棄,affect
拒絕,affect
拙劣,affect
拮据,affect
拯救,affect
拷問,affect
拷打,affect
拼命,affect
指責,affect
挑剔,affect
挑戰,affect
挑逗,affect
挑釁,affect
挖苦,affect
挫折,affect
挫敗,affect
振作,affect
振奮,affect
捐贈,affect
掃興,affect
排斥,affect
掙扎,affect
掛心,affect
掛念,affect
掛慮,affect
控制,affect
控訴,affect
推崇,affect
提心吊膽,affect
提心弔膽,affect
提防,affect
插嘴,affect
換帖,affect
損人*,affect
損傷,affect
損壞,affect
損失,affect
損害,affect
搏鬥,affect
搖頭,affect
摧毀,affect
摯友,affect
摯情,affect
摯愛,affect
摯誠,affect
撒謊,affect
撫慰,affect
撫育,affect
擁抱,affect
擁護,affect
擅長,affect
擊,affect
擊敗,affect
操,affect
操勞,affect
操守,affect
操心,affect
擔保,affect
擔心,affect
擔憂,affect
擾亂,affect
擾人,affect
攪亂,affect
支持,affect
支撐,affect
支配,affect
收穫,affect
改善,affect
改進,affect
攻勢,affect
攻擊,affect
放下,affect
放任,affect
放屁,affect
放心,affect
放棄,affect
放縱,affect
放肆,affect
放鬆,affect
故障,affect
效率,affect
敏感,affect
敏捷,affect
敏銳,affect
救,affect
敗壞,affect
散漫,affect
敬意,affect
敬畏,affect
敬重,affect
整潔,affect
整齊,affect
敵人,affect
敵對,affect
敵意,affect
敵視,affect
昂貴,affect
明亮,affect
明智,affect
昏亂,affect
昏沉,affect
昏頭*,affect
易怒,affect
時髦,affect
景仰,affect
智慧,affect
智能,affect
智障,affect
暖,affect
暖和,affect
暴力,affect
暴怒,affect
暴躁,affect
曲解,affect
書呆子,affect
最佳,affect
最喜歡,affect
最好,affect
最愛,affect
有利,affect
有力,affect
有助,affect
有害,affect
有效,affect
有用,affect
有益,affect
有罪,affect
有興趣,affect
有趣,affect
有錢,affect
朋友,affect
服從,affect
期望,affect
期盼,affect
未可知,affect
未知,affect
末日,affect
杞人憂天,affect
枉然,affect
果斷,affect
柔,affect
柔和,affect
柔腸寸斷,affect
柔軟,affect
柔順,affect
栩栩如生,affect
棒,affect
棘手,affect
業障,affect
極好,affect
極樂,affect
極端,affect
榮幸,affect
榮耀,affect
榮譽,affect
樂,affect
樂不*,affect
樂善*,affect
樂園,affect
樂在其中,affect
樂天,affect
樂子,affect
樂得,affect
樂意,affect
樂極生悲,affect
樂此*,affect
樂而*,affect
樂觀,affect
樂觀*,affect
樂趣,affect
模糊,affect
機敏,affect
機警,affect
機靈,affect
欠債,affect
欠扁,affect
欠揍,affect
次等,affect
次級,affect
次要,affect
欣喜,affect
欣喜*,affect
欣慰,affect
欣欣*,affect
欣然,affect
欣賞,affect
欲絕,affect
欺*,affect
欺詐,affect
欺負,affect
欺騙,affect
欽佩,affect
款待,affect
歎為觀止,affect
歡呼,affect
歡喜*,affect
歡天喜地,affect
歡心,affect
歡愉,affect
歡樂,affect
歡欣*,affect
歡歡喜喜,affect
歡笑,affect
歡聚*,affect
歡聲*,affect
歡迎,affect
歡送,affect
正,affect
正妹,affect
正派,affect
正當,affect
正直,affect
正統,affect
正面,affect
歧視,affect
歪曲,affect
歸咎,affect
死,affect
死不*,affect
死亡,affect
死人,affect
死刑,affect
死對頭,affect
死心,affect
死期,affect
死氣*,affect
死當,affect
死路,affect
死黨,affect
殘廢,affect
殘忍,affect
殘暴,affect
殘酷,affect
殷勤,affect
殺,affect
殺死,affect
毀傷,affect
毀壞,affect
毀掉,affect
毀損,affect
毀敗,affect
毀棄,affect
毀滅,affect
毀滅性,affect
毀謗,affect
毅然,affect
毒*,affect
毛骨悚然,affect
毫無,affect
氣急敗壞,affect
氣憤,affect
氣氛,affect
氣派,affect
氣餒,affect
污穢,affect
決定,affect
決心,affect
沉悶,affect
沉著,affect
沉迷,affect
沉重,affect
沒用,affect
沮喪,affect
治療,affect
治癒,affect
沾沾自喜,affect
泣,affect
洩氣,affect
活力,affect
活潑,affect
活躍,affect
流淚,affect
流行,affect
浪漫,affect
消極,affect
消沉,affect
消滅,affect
淘氣,affect
淚流滿面,affect
淚珠,affect
淡漠,affect
淨土,affect
淫婦,affect
淫蕩,affect
深思,affect
深情,affect
深愛,affect
混亂,affect
混帳,affect
混淆,affect
混蛋,affect
淹沒,affect
清楚,affect
清白,affect
減弱,affect
渴望,affect
渴求,affect
溫和,affect
溫情,affect
溫暖,affect
溫柔,affect
溫馨,affect
滑稽,affect
滿意,affect
滿足,affect
漂亮,affect
漠不關心,affect
漫不經心,affect
潔淨,affect
激動,affect
激勵,affect
激怒,affect
激情,affect
激烈,affect
濫情,affect
濫用,affect
瀟灑,affect
火熱,affect
灰心,affect
災*,affect
災禍,affect
災難,affect
炫耀,affect
為難,affect
無,affect
無力,affect
無助,affect
無吸引力,affect
無味,affect
無奈,affect
無害,affect
無常,affect
無恥,affect
無情,affect
無惡意,affect
無意義,affect
無感,affect
無憂無慮,affect
無懼,affect
無效,affect
無暇,affect
無望,affect
無法防備,affect
無理,affect
無用,affect
無畏,affect
無痛,affect
無益,affect
無知,affect
無神,affect
無禮,affect
無精打采,affect
無聊,affect
無能,affect
無腦妹,affect
無視,affect
無趣,affect
無足輕重,affect
無辜,affect
無關緊要,affect
無防備,affect
焦急,affect
焦慮,affect
焦躁,affect
煎熬,affect
煩,affect
煩亂,affect
煩人,affect
煩勞,affect
煩心,affect
煩忙,affect
煩悶,affect
煩惱,affect
煩愁,affect
煩擾,affect
煩瑣,affect
煩膩,affect
煩躁,affect
煩雜,affect
熱切,affect
熱心,affect
熱情,affect
熱愛,affect
熱望,affect
熱淚盈眶,affect
熱烈,affect
熱絡,affect
熱衷,affect
熱鬧,affect
燦爛,affect
爆發,affect
爛,affect
爛人,affect
爛咖,affect
爛貨,affect
爭吵,affect
爭論,affect
爽,affect
爽心*,affect
爽快,affect
爽朗,affect
爽約,affect
牢靠,affect
牢騷,affect
特異,affect
牽掛,affect
犧牲,affect
犯法,affect
犯罪,affect
狂喜,affect
狂怒,affect
狂暴,affect
狂熱,affect
狂笑,affect
狂躁,affect
狗娘養的,affect
狗屁,affect
狠心,affect
狡猾,affect
狡詐,affect
狹小,affect
狹隘,affect
猛烈,affect
猜疑,affect
猶疑,affect
猶豫,affect
獎,affect
獎助,affect
獎勵,affect
獎品,affect
獎學金,affect
獎杯,affect
獎牌,affect
獎狀,affect
獎章,affect
獎賞,affect
獎金,affect
獨創,affect
獨自,affect
獲勝,affect
獲獎,affect
王八蛋,affect
玩,affect
玩樂,affect
玩笑,affect
玩耍,affect
玷污,affect
珍奇,affect
珍惜,affect
珍愛,affect
珍藏,affect
珍視,affect
珍貴,affect
理性,affect
理想,affect
理智,affect
瑣事,affect
瑣碎,affect
甜,affect
甜密,affect
甜心,affect
甜甜*,affect
甜美,affect
甜蜜,affect
甜言*,affect
甜頭,affect
生動,affect
生厭,affect
生命力,affect
生氣,affect
生氣勃勃,affect
生疏,affect
生病,affect
用力,affect
異常,affect
異議,affect
畸形,affect
疏忽,affect
疏漏,affect
疑心*,affect
疑惑,affect
疑慮,affect
疑懼,affect
疑神*,affect
疑難,affect
疑點,affect
疲乏,affect
疲倦,affect
疲勞,affect
疲弱,affect
疲憊,affect
疲於奔命,affect
疲累,affect
疼,affect
疼愛,affect
疼痛,affect
病,affect
痊癒,affect
痛,affect
痛不欲生,affect
痛哭流涕,affect
痛苦,affect
痛苦地,affect
痲痹,affect
痴狂,affect
瘋*,affect
瘋狂,affect
瘸,affect
瘸*,affect
癒合,affect
癡迷,affect
發怒,affect
發愁,affect
發抖,affect
發牢騷,affect
發狂,affect
發瘋,affect
發臭,affect
白痴,affect
白癡,affect
白目,affect
百感交集,affect
益處,affect
盛怒,affect
盜,affect
盡善盡美,affect
目瞪口呆,affect
相信,affect
盼望,affect
看不起,affect
真實,affect
真心,affect
真理,affect
真相,affect
真誠,affect
眼淚,affect
眼花撩亂,affect
眼花繚亂,affect
眾怒,affect
瞧不起,affect
矛盾,affect
知己,affect
知識,affect
知足,affect
破壞,affect
破壞性,affect
破滅,affect
確信,affect
確定,affect
祝福,affect
祝賀,affect
神經病,affect
神經質,affect
神聖,affect
禁忌,affect
禁止,affect
禍*,affect
福利,affect
福氣,affect
福祉,affect
禮節,affect
禮貌,affect
秀麗,affect
私人,affect
私生子,affect
稱讚,affect
積怨,affect
積極,affect
穩健,affect
空洞,affect
空虛,affect
突出,affect
窒息,affect
窒礙*,affect
窮,affect
窮乏,affect
窮困,affect
竊賊,affect
端正,affect
競爭,affect
笑,affect
笑容,affect
笑死,affect
笑翻,affect
笑話,affect
笨,affect
笨手笨腳,affect
笨拙,affect
笨蛋,affect
筋疲力竭,affect
答應,affect
簡單,affect
簡潔,affect
粗俗,affect
粗心,affect
粗暴,affect
粗糙,affect
粗重,affect
粗野,affect
粗魯,affect
精力,affect
精彩,affect
精心,affect
精疲,affect
精疲力盡,affect
精疲力竭,affect
精確,affect
精美,affect
糊塗,affect
糟,affect
糟糕,affect
糟蹋,affect
糟透,affect
約束,affect
紛爭,affect
索然無味,affect
累,affect
細心,affect
結實,affect
結巴,affect
絕妙,affect
絕望,affect
絢麗,affect
統治,affect
經歷,affect
緊張,affect
緊繃,affect
緩和,affect
繁瑣,affect
繃緊,affect
纏綿,affect
纏訟,affect
纏身,affect
缺乏,affect
缺失,affect
缺少,affect
缺德,affect
缺憾,affect
缺陷,affect
缺點,affect
罪,affect
罪人,affect
罪名,affect
罪大惡極,affect
罪孽*,affect
罪惡,affect
罪惡*,affect
罪惡感,affect
罪犯,affect
罪行,affect
罪過,affect
罹難,affect
美人,affect
美化,affect
美味,affect
美夢*,affect
美好,affect
美妙,affect
美德,affect
美滿,affect
美麗,affect
羞怯,affect
羞恥,affect
羞愧,affect
羞憤,affect
羞辱,affect
羨慕,affect
義,affect
義憤,affect
耀眼,affect
老舊,affect
耗盡,affect
耶,affect
聰明,affect
聰明才智,affect
肝腸寸斷,affect
肯定,affect
背叛,affect
胡扯,affect
能幹,affect
脅迫,affect
脆弱,affect
脾氣,affect
腐壞,affect
腐敗,affect
腐朽,affect
腐爛,affect
腐臭,affect
膩,affect
膽小,affect
膽怯,affect
膽戰心驚,affect
膽量,affect
自以為是,affect
自信,affect
自利,affect
自卑,affect
自在,affect
自大,affect
自尊,affect
自我,affect
自我中心,affect
自暴自棄,affect
自甘墮落,affect
自由,affect
自私,affect
自豪,affect
自負,affect
自責,affect
自鳴得意,affect
臭,affect
臭名,affect
臭名遠播,affect
臭味,affect
臭氣,affect
至善,affect
至喜,affect
至高無上,affect
致命,affect
興奮,affect
興旺,affect
興致,affect
興趣,affect
興高采烈,affect
舒坦,affect
舒服,affect
舒適,affect
良*,affect
良好,affect
艱困,affect
艱深,affect
艱澀,affect
艱苦,affect
艱辛,affect
艱鉅,affect
艱險,affect
艱難,affect
色情,affect
花招,affect
苛刻,affect
苛求,affect
若無其事,affect
苦,affect
苦惱,affect
苦樂,affect
苦樂參半,affect
苦甜,affect
苦臉,affect
英俊,affect
英勇,affect
英明,affect
英雄,affect
英雄氣概,affect
茁壯,affect
茫然,affect
草率,affect
荒唐,affect
荒謬,affect
莊嚴,affect
莊重,affect
華美,affect
華麗,affect
萬念俱灰,affect
萬歲,affect
落伍,affect
落空,affect
著迷,affect
蒙羞,affect
蔑視,affect
蕩婦,affect
虐待,affect
虔誠,affect
處罰,affect
虛弱,affect
虛心,affect
虛榮,affect
虛榮心,affect
虧損,affect
融洽,affect
蠢,affect
蠢*,affect
蠢妞,affect
蠢材,affect
蠢樣,affect
蠢蛋,affect
蠢豬,affect
蠢貨,affect
衝動,affect
衝擊,affect
衝突,affect
衰,affect
衰弱,affect
衰微,affect
衰敗,affect
衰老,affect
衰退,affect
衷心,affect
被吸引,affect
褫奪,affect
褻瀆,affect
親,affect
親信,affect
親切,affect
親吻,affect
親和,affect
親密,affect
親愛,affect
親愛的,affect
解決,affect
解脫,affect
觸怒,affect
觸景傷情,affect
觸目驚心,affect
討厭,affect
討厭鬼,affect
討喜,affect
設防,affect
許諾,affect
訴苦,affect
詐欺,affect
詐騙,affect
詛咒,affect
詫異,affect
詭計,affect
該死,affect
詼諧,affect
誇大,affect
認可,affect
認真,affect
誘人,affect
語氣,affect
誠,affect
誠實,affect
誠心,affect
誤,affect
誤會,affect
誤解,affect
說服,affect
說謊,affect
說長道短,affect
調情,affect
調戲,affect
調皮,affect
調解,affect
諂媚,affect
諷刺,affect
諾言,affect
謀殺,affect
謝天謝地,affect
謝意,affect
謝謝,affect
謹慎,affect
譏*,affect
警告,affect
譴責,affect
護,affect
變動,affect
變味,affect
變態,affect
變美,affect
變質,affect
讚,affect
讚不絕口,affect
讚佩,affect
讚嘆,affect
讚揚,affect
讚歎,affect
讚美,affect
讚譽,affect
讚賞,affect
豐富,affect
豪傑,affect
豪爽,affect
豪華,affect
負債,affect
負心,affect
負擔,affect
貢獻,affect
貧困,affect
貧病*,affect
貧窮,affect
貧苦,affect
貧賤,affect
貪,affect
貪圖,affect
貪婪,affect
貪心,affect
貪念,affect
貪慾,affect
貪求*,affect
貪汙,affect
貪污,affect
貪生*,affect
責備,affect
貶低,affect
費力,affect
賊*,affect
賤,affect
賤人,affect
賤民,affect
賤貨,affect
賤骨頭,affect
質疑,affect
贈與,affect
贊同,affect
贊成,affect
贊許,affect
贏,affect
贏取,affect
贏得,affect
贏錢,affect
贗品,affect
走運,affect
足夠,affect
跛,affect
跛腳,affect
踴躍,affect
蹂躪,affect
蹧蹋,affect
蹩腳,affect
躊躇,affect
躲避,affect
軟弱,affect
輕快,affect
輕忽,affect
輕蔑,affect
輕視,affect
輕鬆,affect
輝煌,affect
輸,affect
輸家,affect
輸掉,affect
辛酸,affect
辭職,affect
辱罵,affect
迫害,affect
迴避,affect
迷亂,affect
迷人,affect
迷失,affect
迷惑,affect
迷惘,affect
迷戀,affect
迷路,affect
退化,affect
逃避,affect
逃離,affect
逆,affect
逆向,affect
逗弄,affect
逗趣,affect
逝世,affect
造反,affect
遇到,affect
遇難,affect
遊戲,affect
過分,affect
過失,affect
過錯,affect
違心*,affect
違抗,affect
違法,affect
違犯,affect
違紀,affect
違約,affect
違背,affect
違規,affect
遠離,affect
適合,affect
適宜,affect
適時,affect
適當,affect
遭受,affect
遲到,affect
遲疑*,affect
遲鈍,affect
遺憾,affect
遺棄,affect
邪惡,affect
鄙*,affect
鄙視,affect
酷刑,affect
酷愛,affect
酸,affect
酸甜苦辣,affect
醜,affect
醜*,affect
醜惡,affect
醜陋,affect
重擔,affect
重要,affect
野蠻,affect
鈍,affect
銘印,affect
鋌而走險,affect
錯,affect
錯亂,affect
錯誤,affect
錯過,affect
鍾愛,affect
鎮壓,affect
鎮定,affect
鎮靜,affect
長處,affect
開創,affect
開心,affect
開明,affect
開朗,affect
開玩笑,affect
開除,affect
閒散,affect
閒話,affect
閨密,affect
閨蜜,affect
關心,affect
關懷,affect
防備,affect
防衛,affect
陌生,affect
降低,affect
降級,affect
降職,affect
陰暗,affect
陰森,affect
陰沉,affect
陳腐,affect
陳舊,affect
陶醉,affect
陽光,affect
隆重,affect
隔離,affect
隨便,affect
隨意,affect
雅緻,affect
雜亂,affect
離婚,affect
難吃,affect
難堪,affect
難熬,affect
難看,affect
難聞,affect
難處,affect
難過,affect
難題,affect
震怒,affect
震顫,affect
震驚,affect
霉運,affect
靈巧,affect
靈感,affect
靈敏,affect
靈活,affect
非人,affect
非禮,affect
非難,affect
面臨,affect
革職,affect
順利,affect
頑固,affect
頑強,affect
頭昏,affect
願,affect
願意,affect
顧慮,affect
顫抖,affect
風險,affect
養育,affect
饒恕,affect
首創,affect
首要,affect
駁斥,affect
騙*,affect
騙子,affect
騙局,affect
騷動,affect
騷擾,affect
驕傲,affect
驚,affect
驚人,affect
驚呆,affect
驚喜,affect
驚喜*,affect
驚嘆,affect
驚嚇,affect
驚奇,affect
驚心,affect
驚怕,affect
驚恐,affect
驚悚,affect
驚愕,affect
驚慌,affect
驚慌*,affect
驚擾,affect
驚歎,affect
驚異,affect
驚疑,affect
驚訝,affect
驚險,affect
驚駭,affect
骯髒,affect
髒*,affect
髒亂,affect
體會,affect
體諒,affect
體貼,affect
體面,affect
高,affect
高傲,affect
高興,affect
高貴,affect
高階,affect
高雅,affect
鬆懈,affect
鬥爭,affect
鬱*,affect
魄力,affect
魅力,affect
鮮明,affect
鮮美,affect
麻木,affect
麻煩,affect
默哀,affect
黯淡,affect
鼓勵,affect
鼓舞,affect
鼻酸,affect
齷齪,affect
3q,positive
:),positive
<3,positive
ha,positive
love,positive
luv,positive
ok,positive
thx,positive
ya,positive
yeah,positive
yum,positive
yummy,positive
一流,positive
下定決心,positive
不拘小節,positive
不費力,positive
不錯,positive
主動,positive
乾杯,positive
乾淨,positive
了不起,positive
享受,positive
仁心,positive
仁愛,positive
仁慈,positive
仁義,positive
仁術,positive
仔細,positive
付出,positive
伴侶,positive
伶俐,positive
作品,positive
佳*,positive
依戀,positive
俊美,positive
俐落,positive
保證,positive
保護,positive
信任,positive
信奉,positive
信實,positive
信心,positive
信服,positive
信義,positive
信譽,positive
信賴,positive
值得,positive
值錢,positive
偉大,positive
偏愛,positive
健康,positive
健美,positive
傑出,positive
傳情,positive
傻笑,positive
像樣,positive
僥倖,positive
優,positive
優勝,positive
優勢,positive
優惠,positive
優於,positive
優秀,positive
優美,positive
優良,positive
優雅,positive
優點,positive
允諾,positive
充沛,positive
光亮,positive
光彩,positive
光榮,positive
光輝,positive
免費,positive
公平,positive
公正,positive
典範,positive
冒險,positive
冠軍,positive
冷靜,positive
凱旋,positive
出色,positive
分享,positive
利潤,positive
創作,positive
創建,positive
創立,positive
創造,positive
創造力,positive
功勞,positive
助人,positive
勇士,positive
勇敢,positive
勇氣,positive
動人,positive
動聽,positive
勝利,positive
勝過,positive
卓越,positive
協助,positive
博學,positive
博愛,positive
原諒,positive
及時,positive
友*,positive
友善,positive
受寵,positive
受惠,positive
可人,positive
可以,positive
可信,positive
可口,positive
可愛,positive
可靠,positive
合宜,positive
合法,positive
合理,positive
同情,positive
同意,positive
吸引,positive
吻,positive
周到,positive
呵呵,positive
和事佬,positive
和善,positive
和平,positive
和煦,positive
和睦,positive
和藹,positive
和諧,positive
咯咯笑,positive
品德,positive
品行,positive
哈,positive
哈哈,positive
善心,positive
善意,positive
善於交際,positive
善良,positive
喜上眉稍,positive
喜出望外,positive
喜劇,positive
喜宴,positive
喜形於色,positive
喜從天降,positive
喜悅,positive
喜愛,positive
喜慶,positive
喜極而泣,positive
喜歡,positive
喜氣*,positive
喝采,positive
嘉獎,positive
嘻,positive
嘻嘻,positive
嘿嘿,positive
回春,positive
圓滿,positive
坦率,positive
坦白,positive
坦誠,positive
堂皇,positive
堅固,positive
堅定,positive
堅強,positive
堅決,positive
壯觀,positive
壯闊,positive
壯麗,positive
外向,positive
夢想,positive
大,positive
大方,positive
大笑,positive
大膽,positive
天堂,positive
天才,positive
天資,positive
天賦,positive
奇妙,positive
奉獻,positive
女傑,positive
好,positive
好吃,positive
好哇,positive
好感,positive
好棒,positive
好極,positive
好玩,positive
好笑,positive
好處,positive
好運,positive
娛樂,positive
嫵媚,positive
嬉笑*,positive
嬉鬧,positive
孝,positive
孝敬,positive
孝順,positive
安全,positive
安寧,positive
安心,positive
安慰,positive
安穩,positive
安逸,positive
安靜,positive
完備,positive
完善,positive
完美,positive
宏偉,positive
宏大,positive
宜人,positive
客氣,positive
容光煥發,positive
容易,positive
密友,positive
富,positive
富有,positive
富裕,positive
富豪,positive
寧靜,positive
寬大,positive
寬容,positive
寬恕,positive
寵愛,positive
寶貝,positive
寶貴,positive
尊嚴,positive
尊敬,positive
尊榮,positive
尊貴,positive
尊重,positive
崇拜,positive
崇高,positive
工整,positive
巧妙,positive
希望,positive
帥,positive
帥氣,positive
幫助,positive
幫忙,positive
幫手,positive
平和,positive
平安,positive
平穩,positive
平靜,positive
幸好,positive
幸福,positive
幸運,positive
幻想,positive
幽默,positive
庇護,positive
引人注目,positive
強,positive
強健,positive
強勁,positive
強壯,positive
很棒,positive
得意,positive
得意洋洋,positive
得體,positive
從容,positive
復甦,positive
復興,positive
微笑,positive
微醺,positive
德行,positive
心愛,positive
心胸寬大,positive
忠,positive
忠孝,positive
忠實,positive
忠心,positive
忠誠,positive
快樂,positive
思念,positive
思鄉,positive
性感,positive
恩典,positive
恩惠,positive
恬*,positive
恰好,positive
悅耳,positive
悠閒,positive
情人,positive
想像,positive
想像力,positive
想念,positive
愉*,positive
愉快,positive
愉悅,positive
愛,positive
愛人,positive
愛好,positive
愛心,positive
愛情,positive
愛慕,positive
愛戀,positive
愛護,positive
感恩,positive
感激,positive
感興趣,positive
感謝,positive
慈善,positive
慈悲,positive
慈祥,positive
慶典,positive
慶功,positive
慶幸,positive
慶生,positive
慶祝,positive
慶賀,positive
慷慨,positive
慾望,positive
憐憫,positive
懷念,positive
戀人,positive
戀愛,positive
成功,positive
成就,positive
才智,positive
才能,positive
才華,positive
扶持,positive
承諾,positive
把握,positive
投入,positive
抱,positive
拯救,positive
挑戰,positive
挑逗,positive
振作,positive
振奮,positive
推崇,positive
換帖,positive
摯友,positive
摯情,positive
摯愛,positive
摯誠,positive
撫慰,positive
撫育,positive
擁抱,positive
擁護,positive
擅長,positive
操守,positive
支持,positive
支撐,positive
收穫,positive
改善,positive
改進,positive
放心,positive
放鬆,positive
效率,positive
敏捷,positive
敏銳,positive
敬意,positive
敬畏,positive
敬重,positive
整潔,positive
整齊,positive
明亮,positive
明智,positive
時髦,positive
景仰,positive
智慧,positive
智能,positive
暖,positive
暖和,positive
最佳,positive
最喜歡,positive
最好,positive
最愛,positive
有利,positive
有助,positive
有效,positive
有用,positive
有益,positive
有興趣,positive
有趣,positive
有錢,positive
朋友,positive
期望,positive
期盼,positive
果斷,positive
柔,positive
柔和,positive
栩栩如生,positive
棒,positive
極好,positive
極樂,positive
榮幸,positive
榮耀,positive
榮譽,positive
樂,positive
樂不*,positive
樂善*,positive
樂園,positive
樂在其中,positive
樂天,positive
樂子,positive
樂得,positive
樂意,positive
樂此*,positive
樂而*,positive
樂觀,positive
樂觀*,positive
樂趣,positive
機敏,positive
機警,positive
機靈,positive
欣喜,positive
欣喜*,positive
欣慰,positive
欣欣*,positive
欣然,positive
欣賞,positive
欽佩,positive
款待,positive
歎為觀止,positive
歡呼,positive
歡喜*,positive
歡天喜地,positive
歡心,positive
歡愉,positive
歡樂,positive
歡欣*,positive
歡歡喜喜,positive
歡笑,positive
歡聚*,positive
歡聲*,positive
歡迎,positive
歡送,positive
正,positive
正妹,positive
正派,positive
正當,positive
正直,positive
正統,positive
正面,positive
死黨,positive
殷勤,positive
毅然,positive
氣派,positive
決定,positive
決心,positive
沉著,positive
治療,positive
治癒,positive
沾沾自喜,positive
活力,positive
活潑,positive
活躍,positive
流行,positive
浪漫,positive
淨土,positive
深思,positive
深情,positive
深愛,positive
清楚,positive
渴望,positive
溫和,positive
溫情,positive
溫暖,positive
溫柔,positive
溫馨,positive
滿意,positive
滿足,positive
漂亮,positive
潔淨,positive
激勵,positive
激情,positive
瀟灑,positive
無憂無慮,positive
無懼,positive
無畏,positive
熱切,positive
熱心,positive
熱情,positive
熱愛,positive
熱烈,positive
熱絡,positive
熱衷,positive
燦爛,positive
爽,positive
爽心*,positive
爽快,positive
爽朗,positive
牢靠,positive
狂喜,positive
狂笑,positive
獎,positive
獎助,positive
獎勵,positive
獎品,positive
獎學金,positive
獎杯,positive
獎牌,positive
獎狀,positive
獎章,positive
獎賞,positive
獎金,positive
獨創,positive
獲勝,positive
獲獎,positive
玩,positive
玩樂,positive
玩笑,positive
玩耍,positive
珍奇,positive
珍惜,positive
珍愛,positive
珍藏,positive
珍視,positive
珍貴,positive
理性,positive
理想,positive
理智,positive
甜,positive
甜密,positive
甜心,positive
甜甜*,positive
甜美,positive
甜蜜,positive
甜言*,positive
甜頭,positive
生動,positive
生命力,positive
生氣勃勃,positive
疼愛,positive
痊癒,positive
癒合,positive
益處,positive
盡善盡美,positive
相信,positive
盼望,positive
真實,positive
真理,positive
真誠,positive
知己,positive
知足,positive
確信,positive
確定,positive
祝福,positive
祝賀,positive
神聖,positive
福利,positive
福氣,positive
福祉,positive
禮節,positive
禮貌,positive
秀麗,positive
稱讚,positive
積極,positive
穩健,positive
突出,positive
端正,positive
笑,positive
笑容,positive
笑死,positive
笑翻,positive
笑話,positive
答應,positive
簡單,positive
簡潔,positive
精彩,positive
精心,positive
精確,positive
精美,positive
細心,positive
結實,positive
絕妙,positive
絢麗,positive
纏綿,positive
美人,positive
美化,positive
美味,positive
美夢*,positive
美好,positive
美妙,positive
美德,positive
美滿,positive
美麗,positive
義,positive
耀眼,positive
耶,positive
聰明,positive
聰明才智,positive
肯定,positive
能幹,positive
膽量,positive
自信,positive
自在,positive
自尊,positive
自由,positive
自豪,positive
至善,positive
至喜,positive
至高無上,positive
興奮,positive
興旺,positive
興致,positive
興趣,positive
興高采烈,positive
舒坦,positive
舒服,positive
舒適,positive
良*,positive
良好,positive
英俊,positive
英勇,positive
英明,positive
英雄,positive
英雄氣概,positive
茁壯,positive
莊嚴,positive
莊重,positive
華美,positive
華麗,positive
萬歲,positive
著迷,positive
虔誠,positive
融洽,positive
衷心,positive
被吸引,positive
親,positive
親信,positive
親切,positive
親吻,positive
親和,positive
親愛,positive
親愛的,positive
解決,positive
解脫,positive
討喜,positive
許諾,positive
詼諧,positive
認可,positive
誘人,positive
誠,positive
誠實,positive
誠心,positive
調情,positive
調解,positive
諾言,positive
謝天謝地,positive
謝意,positive
謝謝,positive
謹慎,positive
護,positive
變美,positive
讚,positive
讚不絕口,positive
讚佩,positive
讚嘆,positive
讚揚,positive
讚歎,positive
讚美,positive
讚譽,positive
讚賞,positive
豐富,positive
豪傑,positive
豪爽,positive
豪華,positive
貢獻,positive
贈與,positive
贊同,positive
贊成,positive
贊許,positive
贏,positive
贏取,positive
贏得,positive
贏錢,positive
走運,positive
輕快,positive
輕鬆,positive
輝煌,positive
迷人,positive
逗趣,positive
遊戲,positive
適合,positive
適宜,positive
適時,positive
適當,positive
酷愛,positive
重要,positive
鍾愛,positive
鎮定,positive
鎮靜,positive
長處,positive
開創,positive
開心,positive
開明,positive
開朗,positive
開玩笑,positive
閨密,positive
閨蜜,positive
關心,positive
關懷,positive
陶醉,positive
陽光,positive
雅緻,positive
靈巧,positive
靈感,positive
靈敏,positive
靈活,positive
順利,positive
願意,positive
養育,positive
驕傲,positive
驚人,positive
驚喜,positive
驚喜*,positive
驚奇,positive
驚歎,positive
驚訝,positive
體會,positive
體諒,positive
體貼,positive
體面,positive
高,positive
高興,positive
高貴,positive
高階,positive
高雅,positive
魄力,positive
魅力,positive
鮮明,positive
鮮美,positive
鼓勵,positive
鼓舞,positive
):,negative
:(,negative
fuck,negative
shit,negative
yuck,negative
一無所有,negative
七竅生煙,negative
上當,negative
下流,negative
下等,negative
不,negative
不仁,negative
不便,negative
不公平,negative
不准,negative
不利,negative
不友善,negative
不受,negative
不善,negative
不喜歡,negative
不好,negative
不安,negative
不定,negative
不宜,negative
不小心,negative
不屑,negative
不平,negative
不幸,negative
不悅,negative
不愛,negative
不懷好意,negative
不服,negative
不滿,negative
不滿足,negative
不爽,negative
不甘,negative
不當,negative
不知所措,negative
不祥,negative
不穩,negative
不符,negative
不耐,negative
不耐煩,negative
不要,negative
不解,negative
不貞,negative
不足,negative
不適,negative
不靈,negative
不順,negative
不顧,negative
不顧一切,negative
世仇,negative
丟下,negative
丟人,negative
丟人現眼,negative
丟棄,negative
丟臉,negative
中斷,negative
乏味,negative
乖僻,negative
亂,negative
事故,negative
交戰,negative
人心惶惶,negative
仇,negative
仇人,negative
仇恨,negative
仇敵,negative
仇殺,negative
仇視,negative
他媽的,negative
任性,negative
仿冒,negative
低下,negative
低沉,negative
低矮,negative
低等,negative
低能,negative
低能兒,negative
低落,negative
低迷,negative
佔便宜,negative
作嘔,negative
作弊,negative
侮辱,negative
侵佔,negative
侵害,negative
侵擾,negative
侵犯,negative
侵略,negative
侵略國,negative
侵襲,negative
侷促,negative
俗,negative
俗氣,negative
倒楣,negative
倒霉,negative
倔強,negative
假裝,negative
偏執,negative
偏執狂,negative
偏見,negative
偷,negative
偷取,negative
偷竊,negative
偽善,negative
偽造,negative
傲慢,negative
債務,negative
傷,negative
傷亡,negative
傷人,negative
傷勢,negative
傷口,negative
傷天害理,negative
傷害,negative
傷心*,negative
傷悲,negative
傷感*,negative
傷殘,negative
傷痕*,negative
傷痛,negative
傷神,negative
傻子,negative
傻瓜,negative
僵住,negative
僵冷,negative
僵化,negative
僵局,negative
僵持*,negative
僵硬,negative
優柔寡斷,negative
元兇,negative
兇*,negative
兇惡,negative
入侵,negative
內疚,negative
內疚感,negative
八卦,negative
公憤,negative
冒充,negative
冒昧,negative
冒犯,negative
冷,negative
冷淡,negative
冷漠,negative
冷酷,negative
凌亂,negative
凶*,negative
凶惡,negative
凶殘,negative
凶猛,negative
分心,negative
分歧,negative
分裂,negative
判刑,negative
刺傷,negative
刺痛,negative
刺眼,negative
刺耳,negative
刻薄,negative
剝奪,negative
割,negative
創傷,negative
劣*,negative
劣勢,negative
勉強,negative
動怒,negative
動搖,negative
動盪,negative
勢利,negative
勾引,negative
卑劣,negative
卑微,negative
卑鄙,negative
危*,negative
危險,negative
厄運,negative
厭世,negative
厭倦,negative
厭惡,negative
厭煩,negative
厭食,negative
反叛,negative
反對,negative
反常,negative
反感,negative
反抗,negative
反派,negative
反胃,negative
反駁,negative
取笑,negative
受不了,negative
受傷,negative
受害,negative
受害者,negative
受罪,negative
受苦,negative
受虐,negative
受騙,negative
叛亂,negative
口吃,negative
古怪,negative
叫喊,negative
可厭,negative
可怕,negative
可恥,negative
可悲,negative
可惡,negative
可憎,negative
可憐,negative
可畏,negative
可笑,negative
可鄙,negative
吃醋,negative
吃驚,negative
同情,negative
吝嗇,negative
否定,negative
否認,negative
含糊,negative
吹毛求疵,negative
吼叫,negative
呆*,negative
呆的,negative
呸,negative
呼天搶地,negative
咆嘯,negative
咒罵,negative
咬牙切齒,negative
哀傷,negative
哀怨,negative
哀愁,negative
哀慟,negative
哀求,negative
哀淒,negative
哀痛,negative
哀號,negative
哄騙,negative
哭喊,negative
哭泣,negative
哭訴,negative
哭鬧,negative
哽咽,negative
唉聲,negative
唐突,negative
問題,negative
啜泣,negative
喜怒無常,negative
喜新厭舊,negative
喪偶,negative
喪失,negative
喪心*,negative
喪志,negative
喪氣,negative
喪生,negative
喪盡*,negative
喪禮,negative
喪膽,negative
喪親,negative
單獨,negative
嗚咽,negative
嘆,negative
嘆息,negative
嘆氣,negative
嘔吐,negative
嘮叨,negative
嘲弄,negative
嘲笑,negative
嘲罵,negative
嘲諷,negative
噁,negative
噁心,negative
嚇*,negative
嚇人,negative
嚴厲,negative
嚴峻,negative
嚴格,negative
嚴肅,negative
嚴酷,negative
嚴重,negative
困*,negative
困惑,negative
困擾,negative
困難,negative
固執,negative
坎坷,negative
垃圾,negative
埋怨,negative
執拗,negative
報仇,negative
報復,negative
墮落,negative
壓制,negative
壓力,negative
壓抑,negative
壓迫,negative
壞,negative
壞事,negative
壞人,negative
壞心,negative
壞死,negative
壞的,negative
壞處,negative
壞蛋,negative
壞話,negative
壞運,negative
外傷,negative
外行,negative
多疑,negative
多餘,negative
夢魘,negative
大叫,negative
失去,negative
失控,negative
失敗,negative
失望,negative
失眠,negative
失誤,negative
奇怪,negative
奇特,negative
奇異,negative
奚落,negative
好鬥,negative
妄想,negative
妒忌,negative
妓女,negative
妨害,negative
妨礙,negative
威脅,negative
娼妓,negative
婊子,negative
媽的,negative
嫉*,negative
嫉妒,negative
嫌*,negative
孤*,negative
孤單,negative
孤獨,negative
宅,negative
害怕,negative
害羞,negative
害臊,negative
害蟲,negative
宿醉,negative
寂寞,negative
寂寥,negative
寒酸,negative
對抗,negative
對質,negative
小偷,negative
小氣,negative
尖叫,negative
尷尬,negative
屁眼,negative
岔開,negative
巫婆,negative
巫術,negative
差,negative
差勁,negative
干擾,negative
平凡,negative
平庸,negative
幹,negative
幼稚,negative
廢物,negative
弄壞,negative
弄痛,negative
弱,negative
弱點,negative
強勢,negative
強姦,negative
強暴犯,negative
強求,negative
強烈,negative
強硬,negative
強迫,negative
後悔,negative
徒勞,negative
徒勞無功,negative
徒然,negative
得罪,negative
徘徊,negative
復仇,negative
徬徨,negative
微弱,negative
心灰意冷,negative
心煩,negative
心煩意亂,negative
心痛,negative
心碎,negative
心神不定,negative
心神不寧,negative
心酸,negative
忌妒,negative
忍*,negative
忐忑*,negative
忘恩負義,negative
忽略,negative
忽視,negative
怒,negative
怒不*,negative
怒吼,negative
怒斥,negative
怒氣*,negative
怒火*,negative
怒目*,negative
怒罵,negative
怒色,negative
怒視,negative
怕,negative
怕生,negative
怕羞,negative
怠慢,negative
性騷擾,negative
怨恨,negative
怪,negative
怪人,negative
怪異,negative
怪胎,negative
怪誕,negative
恍惚,negative
恐嚇,negative
恐怖,negative
恐慌,negative
恐懼,negative
恥辱,negative
恨*,negative
恭維,negative
悔之*,negative
悔恨,negative
悔悟,negative
悔意,negative
悔改,negative
悔過,negative
患病,negative
悲傷,negative
悲劇,negative
悲哀,negative
悲悽,negative
悲情,negative
悲愁,negative
悲慘,negative
悲慟,negative
悲憤,negative
悲憫,negative
悲痛,negative
悲苦,negative
悲觀,negative
悶,negative
悶悶不樂,negative
情緒,negative
情緒化,negative
惋惜,negative
惡人,negative
惡作劇,negative
惡劣,negative
惡化,negative
惡名昭彰,negative
惡夢,negative
惡性,negative
惡意,negative
惡毒,negative
惡狠狠,negative
惡耗,negative
惡臭,negative
惡言,negative
惡運,negative
惡鬥,negative
惡魔,negative
惱*,negative
惱人,negative
惱怒,negative
惶*,negative
惹惱,negative
愁,negative
愁*,negative
愚弄,negative
愚笨,negative
愚蠢,negative
感傷,negative
愧*,negative
慌*,negative
慘,negative
慘*,negative
憂傷,negative
憂勞,negative
憂心,negative
憂心*,negative
憂患*,negative
憂愁,negative
憂慮,negative
憂煩,negative
憂鬱,negative
憎*,negative
憐憫,negative
憤*,negative
憤怒,negative
憤恨,negative
懊悔,negative
懊惱,negative
懦*,negative
懦夫,negative
懲罰,negative
懶惰,negative
懶散,negative
懷疑,negative
懼怕,negative
成見,negative
戒心,negative
戰亂,negative
戰敗,negative
戰火,negative
戰爭,negative
戰鬥,negative
戲弄,negative
打,negative
打仗,negative
打岔,negative
打擊,negative
打擾,negative
打攪,negative
打敗,negative
打斷,negative
打架,negative
打破,negative
扭曲,negative
批判,negative
批評,negative
抑制,negative
抑鬱,negative
抗爭,negative
抗議,negative
折磨,negative
抨擊,negative
抱怨,negative
抱歉,negative
抵制,negative
拋棄,negative
拒絕,negative
拙劣,negative
拮据,negative
拷問,negative
拷打,negative
指責,negative
挑剔,negative
挑釁,negative
挖苦,negative
挫折,negative
挫敗,negative
掃興,negative
排斥,negative
掙扎,negative
掛心,negative
掛念,negative
掛慮,negative
控制,negative
控訴,negative
提心吊膽,negative
提心弔膽,negative
提防,negative
插嘴,negative
損人*,negative
損傷,negative
損壞,negative
損失,negative
損害,negative
搏鬥,negative
搖頭,negative
摧毀,negative
撒謊,negative
擊敗,negative
操,negative
操勞,negative
操心,negative
擔心,negative
擔憂,negative
擾亂,negative
擾人,negative
攪亂,negative
支配,negative
攻勢,negative
攻擊,negative
放下,negative
放任,negative
放屁,negative
放棄,negative
放縱,negative
故障,negative
敏感,negative
敗壞,negative
散漫,negative
敵人,negative
敵對,negative
敵意,negative
敵視,negative
昏亂,negative
昏沉,negative
昏頭*,negative
易怒,negative
智障,negative
暴力,negative
暴怒,negative
暴躁,negative
曲解,negative
書呆子,negative
有害,negative
有罪,negative
杞人憂天,negative
枉然,negative
柔腸寸斷,negative
棘手,negative
業障,negative
樂極生悲,negative
欠債,negative
欠扁,negative
欠揍,negative
次等,negative
次級,negative
欲絕,negative
欺*,negative
欺詐,negative
欺負,negative
欺騙,negative
歧視,negative
歪曲,negative
歸咎,negative
死,negative
死不*,negative
死亡,negative
死人,negative
死刑,negative
死對頭,negative
死心,negative
死期,negative
死氣*,negative
死當,negative
死路,negative
殘廢,negative
殘忍,negative
殘暴,negative
殘酷,negative
殺,negative
殺死,negative
毀傷,negative
毀壞,negative
毀掉,negative
毀損,negative
毀敗,negative
毀棄,negative
毀滅,negative
毀滅性,negative
毀謗,negative
毒*,negative
毛骨悚然,negative
毫無,negative
氣急敗壞,negative
氣憤,negative
氣餒,negative
污穢,negative
沉悶,negative
沉迷,negative
沉重,negative
沒用,negative
沮喪,negative
沾沾自喜,negative
泣,negative
洩氣,negative
流淚,negative
消極,negative
消沉,negative
消滅,negative
淚流滿面,negative
淚珠,negative
淡漠,negative
淫婦,negative
淫蕩,negative
混亂,negative
混帳,negative
混淆,negative
混蛋,negative
淹沒,negative
減弱,negative
滑稽,negative
漠不關心,negative
漫不經心,negative
激動,negative
激怒,negative
激烈,negative
濫用,negative
灰心,negative
災*,negative
災禍,negative
災難,negative
炫耀,negative
為難,negative
無,negative
無力,negative
無助,negative
無吸引力,negative
無味,negative
無奈,negative
無情,negative
無意義,negative
無感,negative
無效,negative
無望,negative
無法防備,negative
無理,negative
無用,negative
無益,negative
無知,negative
無神,negative
無禮,negative
無精打采,negative
無聊,negative
無能,negative
無腦妹,negative
無視,negative
無趣,negative
無足輕重,negative
無防備,negative
焦急,negative
焦慮,negative
焦躁,negative
煎熬,negative
煩,negative
煩亂,negative
煩人,negative
煩勞,negative
煩心,negative
煩忙,negative
煩悶,negative
煩惱,negative
煩愁,negative
煩擾,negative
煩瑣,negative
煩膩,negative
煩躁,negative
煩雜,negative
爆發,negative
爛,negative
爛人,negative
爛咖,negative
爛貨,negative
爭吵,negative
爭論,negative
爽約,negative
牢騷,negative
特異,negative
牽掛,negative
犧牲,negative
犯法,negative
犯罪,negative
狂怒,negative
狂暴,negative
狂熱,negative
狂躁,negative
狗娘養的,negative
狗屁,negative
狠心,negative
狡猾,negative
狡詐,negative
狹小,negative
狹隘,negative
猛烈,negative
猜疑,negative
猶疑,negative
猶豫,negative
王八蛋,negative
玷污,negative
瑣事,negative
瑣碎,negative
生厭,negative
生氣,negative
生疏,negative
生病,negative
異常,negative
異議,negative
畸形,negative
疏忽,negative
疏漏,negative
疑心*,negative
疑惑,negative
疑慮,negative
疑懼,negative
疑神*,negative
疑難,negative
疑點,negative
疲乏,negative
疲倦,negative
疲勞,negative
疲弱,negative
疲憊,negative
疲於奔命,negative
疲累,negative
疼,negative
疼痛,negative
病,negative
痛,negative
痛不欲生,negative
痛哭流涕,negative
痛苦,negative
痛苦地,negative
痲痹,negative
瘋*,negative
瘋狂,negative
瘸,negative
瘸*,negative
發怒,negative
發愁,negative
發抖,negative
發牢騷,negative
發狂,negative
發臭,negative
白痴,negative
白癡,negative
盛怒,negative
盜,negative
目瞪口呆,negative
看不起,negative
眼淚,negative
眼花撩亂,negative
眾怒,negative
瞧不起,negative
矛盾,negative
破壞,negative
破壞性,negative
破滅,negative
神經病,negative
神經質,negative
禁忌,negative
禁止,negative
禍*,negative
私生子,negative
積怨,negative
空洞,negative
空虛,negative
窒息,negative
窒礙*,negative
窮,negative
窮乏,negative
窮困,negative
竊賊,negative
笨,negative
笨手笨腳,negative
笨拙,negative
笨蛋,negative
筋疲力竭,negative
粗俗,negative
粗心,negative
粗暴,negative
粗糙,negative
粗重,negative
粗野,negative
粗魯,negative
精疲,negative
精疲力盡,negative
精疲力竭,negative
糊塗,negative
糟,negative
糟糕,negative
糟蹋,negative
糟透,negative
約束,negative
紛爭,negative
索然無味,negative
累,negative
結巴,negative
絕望,negative
統治,negative
緊張,negative
緊繃,negative
繁瑣,negative
繃緊,negative
纏訟,negative
纏身,negative
缺乏,negative
缺失,negative
缺少,negative
缺德,negative
缺憾,negative
缺陷,negative
缺點,negative
罪,negative
罪人,negative
罪名,negative
罪大惡極,negative
罪孽*,negative
罪惡,negative
罪惡*,negative
罪惡感,negative
罪犯,negative
罪行,negative
罪過,negative
罹難,negative
羞怯,negative
羞恥,negative
羞愧,negative
羞憤,negative
羞辱,negative
義憤,negative
老舊,negative
耗盡,negative
肝腸寸斷,negative
背叛,negative
胡扯,negative
脅迫,negative
脆弱,negative
脾氣,negative
腐壞,negative
腐敗,negative
腐朽,negative
腐爛,negative
腐臭,negative
膩,negative
膽小,negative
膽怯,negative
自以為是,negative
自利,negative
自卑,negative
自大,negative
自我,negative
自我中心,negative
自暴自棄,negative
自甘墮落,negative
自私,negative
自負,negative
自責,negative
臭,negative
臭名,negative
臭名遠播,negative
臭味,negative
臭氣,negative
致命,negative
艱困,negative
艱深,negative
艱澀,negative
艱苦,negative
艱辛,negative
艱鉅,negative
艱險,negative
艱難,negative
花招,negative
苛刻,negative
苛求,negative
苦,negative
苦惱,negative
苦臉,negative
茫然,negative
草率,negative
荒唐,negative
荒謬,negative
萬念俱灰,negative
落伍,negative
落空,negative
蒙羞,negative
蔑視,negative
蕩婦,negative
虐待,negative
處罰,negative
虛弱,negative
虛榮,negative
虧損,negative
蠢,negative
蠢*,negative
蠢妞,negative
蠢材,negative
蠢樣,negative
蠢蛋,negative
蠢豬,negative
蠢貨,negative
衝擊,negative
衝突,negative
衰,negative
衰弱,negative
衰微,negative
衰敗,negative
衰老,negative
衰退,negative
褫奪,negative
褻瀆,negative
觸怒,negative
觸景傷情,negative
觸目驚心,negative
討厭,negative
討厭鬼,negative
訴苦,negative
詐欺,negative
詐騙,negative
詛咒,negative
詭計,negative
該死,negative
誤,negative
誤會,negative
誤解,negative
說謊,negative
說長道短,negative
調戲,negative
諷刺,negative
謀殺,negative
譏*,negative
警告,negative
譴責,negative
變動,negative
變味,negative
變態,negative
變質,negative
負債,negative
負心,negative
負擔,negative
貧困,negative
貧病*,negative
貧窮,negative
貧苦,negative
貧賤,negative
貪,negative
貪圖,negative
貪婪,negative
貪心,negative
貪念,negative
貪慾,negative
貪求*,negative
貪汙,negative
貪污,negative
貪生*,negative
責備,negative
貶低,negative
費力,negative
賊*,negative
賤,negative
賤人,negative
賤民,negative
賤貨,negative
賤骨頭,negative
贗品,negative
跛,negative
跛腳,negative
蹂躪,negative
蹧蹋,negative
蹩腳,negative
躊躇,negative
躲避,negative
軟弱,negative
輕忽,negative
輕蔑,negative
輕視,negative
輸,negative
輸家,negative
輸掉,negative
辛酸,negative
辭職,negative
辱罵,negative
迫害,negative
迴避,negative
迷亂,negative
迷惑,negative
迷惘,negative
退化,negative
逃避,negative
逃離,negative
逆,negative
逆向,negative
逗弄,negative
逝世,negative
造反,negative
遇難,negative
過失,negative
過錯,negative
違心*,negative
違抗,negative
違法,negative
違犯,negative
違紀,negative
違約,negative
違背,negative
違規,negative
遠離,negative
遭受,negative
遲到,negative
遲疑*,negative
遲鈍,negative
遺憾,negative
遺棄,negative
邪惡,negative
鄙*,negative
鄙視,negative
酷刑,negative
酸,negative
醜,negative
醜*,negative
醜惡,negative
醜陋,negative
重擔,negative
野蠻,negative
鈍,negative
鋌而走險,negative
錯,negative
錯亂,negative
錯誤,negative
錯過,negative
鎮壓,negative
開除,negative
閒話,negative
防備,negative
防衛,negative
陌生,negative
降低,negative
降級,negative
降職,negative
陰暗,negative
陰森,negative
陰沉,negative
陳腐,negative
陳舊,negative
隔離,negative
隨便,negative
雜亂,negative
離婚,negative
難吃,negative
難堪,negative
難熬,negative
難看,negative
難聞,negative
難處,negative
難過,negative
難題,negative
震怒,negative
震驚,negative
霉運,negative
非禮,negative
非難,negative
革職,negative
頑固,negative
頑強,negative
顧慮,negative
顫抖,negative
風險,negative
駁斥,negative
騙*,negative
騙子,negative
騙局,negative
騷動,negative
騷擾,negative
驚,negative
驚人,negative
驚呆,negative
驚嚇,negative
驚心,negative
驚怕,negative
驚恐,negative
驚悚,negative
驚愕,negative
驚慌,negative
驚慌*,negative
驚擾,negative
驚疑,negative
驚訝,negative
驚險,negative
驚駭,negative
骯髒,negative
髒*,negative
髒亂,negative
鬥爭,negative
鬱*,negative
麻木,negative
麻煩,negative
默哀,negative
黯淡,negative
鼻酸,negative
齷齪,negative
不便,anx
不安,anx
不知所措,anx
不穩,anx
不耐,anx
不耐煩,anx
不解,anx
不適,anx
人心惶惶,anx
侮辱,anx
偏執,anx
偏執狂,anx
僵化,anx
優柔寡斷,anx
內疚,anx
內疚感,anx
分心,anx
勉強,anx
動搖,anx
動盪,anx
危*,anx
厭惡,anx
受不了,anx
受傷,anx
可厭,anx
可怕,anx
可畏,anx
吃驚,anx
含糊,anx
嘮叨,anx
嚇*,anx
困*,anx
困惑,anx
壓力,anx
多疑,anx
失控,anx
失眠,anx
妄想,anx
妨害,anx
妨礙,anx
威脅,anx
害怕,anx
害羞,anx
害臊,anx
尷尬,anx
弱點,anx
強迫,anx
徬徨,anx
心煩,anx
心煩意亂,anx
心神不定,anx
心神不寧,anx
忐忑*,anx
怕,anx
怕生,anx
怕羞,anx
恐嚇,anx
恐怖,anx
恐慌,anx
恐懼,anx
惡意,anx
惶*,anx
愁,anx
愁*,anx
愧*,anx
慌*,anx
慘,anx
憂勞,anx
憂心,anx
憂心*,anx
憂患*,anx
憂愁,anx
憂慮,anx
憂煩,anx
懷疑,anx
懼怕,anx
打擊,anx
打擾,anx
打攪,anx
抑制,anx
拮据,anx
掙扎,anx
掛心,anx
掛念,anx
掛慮,anx
提心吊膽,anx
提心弔膽,anx
操勞,anx
擔心,anx
擔憂,anx
擾亂,anx
攪亂,anx
杞人憂天,anx
棘手,anx
沉迷,anx
沮喪,anx
混亂,anx
混淆,anx
淹沒,anx
焦急,anx
焦慮,anx
焦躁,anx
煩惱,anx
煩擾,anx
煩躁,anx
牽掛,anx
猜疑,anx
猶疑,anx
猶豫,anx
疑心*,anx
疑惑,anx
疑慮,anx
疑懼,anx
疑神*,anx
疑難,anx
疑點,anx
發愁,anx
發抖,anx
神經病,anx
神經質,anx
禁忌,anx
禁止,anx
窮困,anx
糊塗,anx
糟糕,anx
糟透,anx
約束,anx
緊張,anx
緊繃,anx
繃緊,anx
罪惡,anx
罪惡*,anx
罪惡感,anx
羞怯,anx
羞愧,anx
脆弱,anx
膽小,anx
膽怯,anx
苦惱,anx
荒謬,anx
討厭,anx
變動,anx
躊躇,anx
躲避,anx
迷惑,anx
逃避,anx
逃離,anx
遲疑*,anx
鋌而走險,anx
錯亂,anx
難堪,anx
難過,anx
震驚,anx
顧慮,anx
顫抖,anx
風險,anx
騷動,anx
驚呆,anx
驚嚇,anx
驚心,anx
驚怕,anx
驚恐,anx
驚悚,anx
驚愕,anx
驚慌,anx
驚慌*,anx
驚擾,anx
驚疑,anx
驚駭,anx
fuck,anger
shit,anger
七竅生煙,anger
上當,anger
下流,anger
不平,anger
不悅,anger
不懷好意,anger
不滿,anger
不爽,anger
不甘,anger
不貞,anger
世仇,anger
丟下,anger
仇,anger
仇人,anger
仇恨,anger
仇敵,anger
仇殺,anger
仇視,anger
他媽的,anger
低能,anger
作嘔,anger
作弊,anger
侮辱,anger
侵犯,anger
侵略,anger
侵略國,anger
侵襲,anger
倔強,anger
偏執,anger
偏見,anger
傲慢,anger
傷天害理,anger
傷害,anger
傻瓜,anger
兇*,anger
兇惡,anger
入侵,anger
公憤,anger
冒昧,anger
冒犯,anger
冷酷,anger
凶*,anger
凶惡,anger
凶殘,anger
凶猛,anger
刺傷,anger
刺痛,anger
刻薄,anger
動怒,anger
勢利,anger
卑劣,anger
卑鄙,anger
厭惡,anger
厭煩,anger
反叛,anger
反對,anger
反感,anger
反抗,anger
反派,anger
反駁,anger
取笑,anger
受害,anger
受罪,anger
受騙,anger
叛亂,anger
叫喊,anger
可恥,anger
可惡,anger
可憎,anger
可笑,anger
可鄙,anger
吃醋,anger
吝嗇,anger
否定,anger
否認,anger
吹毛求疵,anger
吼叫,anger
呸,anger
咆嘯,anger
咒罵,anger
咬牙切齒,anger
哄騙,anger
哭喊,anger
唐突,anger
嘮叨,anger
嘲弄,anger
嘲笑,anger
嘲罵,anger
嘲諷,anger
嚴厲,anger
嚴酷,anger
固執,anger
垃圾,anger
報仇,anger
報復,anger
壞人,anger
壞蛋,anger
壞話,anger
大叫,anger
奚落,anger
好鬥,anger
妒忌,anger
威脅,anger
媽的,anger
嫉*,anger
嫉妒,anger
嫌*,anger
害蟲,anger
對抗,anger
對質,anger
小氣,anger
屁眼,anger
差,anger
差勁,anger
幹,anger
廢物,anger
強勢,anger
強姦,anger
強暴犯,anger
強求,anger
強烈,anger
強硬,anger
得罪,anger
復仇,anger
忌妒,anger
怒,anger
怒不*,anger
怒吼,anger
怒斥,anger
怒氣*,anger
怒火*,anger
怒目*,anger
怒罵,anger
怒色,anger
怒視,anger
性騷擾,anger
怨恨,anger
恐嚇,anger
恨*,anger
悲痛,anger
惡作劇,anger
惡劣,anger
惡意,anger
惡毒,anger
惡狠狠,anger
惡言,anger
惱*,anger
惱人,anger
惱怒,anger
惹惱,anger
愚笨,anger
愚蠢,anger
憎*,anger
憤*,anger
憤怒,anger
憤恨,anger
成見,anger
戰亂,anger
戰火,anger
戰爭,anger
戰鬥,anger
打仗,anger
打岔,anger
打擾,anger
打攪,anger
打敗,anger
打斷,anger
打架,anger
批判,anger
批評,anger
抗議,anger
折磨,anger
抨擊,anger
抱怨,anger
拋棄,anger
拷問,anger
拷打,anger
指責,anger
挑剔,anger
挑釁,anger
挖苦,anger
挫折,anger
插嘴,anger
損人*,anger
損傷,anger
損壞,anger
損失,anger
損害,anger
摧毀,anger
撒謊,anger
操,anger
擾人,anger
攻擊,anger
放屁,anger
敗壞,anger
敵人,anger
敵對,anger
敵意,anger
敵視,anger
易怒,anger
智障,anger
暴力,anger
暴怒,anger
暴躁,anger
有害,anger
欠扁,anger
欠揍,anger
欺*,anger
歧視,anger
殘忍,anger
殘暴,anger
殘酷,anger
殺,anger
殺死,anger
毀傷,anger
毀壞,anger
毀損,anger
毀滅,anger
毀滅性,anger
毀謗,anger
氣急敗壞,anger
氣憤,anger
氣餒,anger
消滅,anger
淫婦,anger
混帳,anger
混蛋,anger
激動,anger
激怒,anger
激烈,anger
濫用,anger
無情,anger
無理,anger
無禮,anger
無腦妹,anger
煩,anger
煩亂,anger
煩人,anger
煩勞,anger
煩心,anger
煩忙,anger
煩悶,anger
煩惱,anger
煩愁,anger
煩擾,anger
煩瑣,anger
煩躁,anger
煩雜,anger
爛,anger
爛人,anger
爛咖,anger
爛貨,anger
爭吵,anger
爭論,anger
犯法,anger
狂怒,anger
狂暴,anger
狂躁,anger
狗娘養的,anger
狗屁,anger
狠心,anger
狡猾,anger
狡詐,anger
猛烈,anger
王八蛋,anger
生氣,anger
異議,anger
痛苦,anger
痛苦地,anger
發怒,anger
發狂,anger
白痴,anger
白癡,anger
盛怒,anger
看不起,anger
眾怒,anger
瞧不起,anger
矛盾,anger
破壞,anger
破壞性,anger
積怨,anger
笨,anger
笨蛋,anger
粗俗,anger
粗暴,anger
粗魯,anger
糟蹋,anger
缺德,anger
羞恥,anger
羞憤,anger
羞辱,anger
義憤,anger
背叛,anger
胡扯,anger
脅迫,anger
自責,anger
花招,anger
苛求,anger
荒唐,anger
荒謬,anger
蔑視,anger
蕩婦,anger
虐待,anger
處罰,anger
蠢,anger
蠢*,anger
蠢妞,anger
蠢材,anger
蠢樣,anger
蠢蛋,anger
蠢豬,anger
蠢貨,anger
衝突,anger
褻瀆,anger
觸怒,anger
討厭,anger
討厭鬼,anger
詐騙,anger
詛咒,anger
詭計,anger
該死,anger
說謊,anger
諷刺,anger
謀殺,anger
譏*,anger
譴責,anger
責備,anger
賤,anger
賤人,anger
賤貨,anger
蹂躪,anger
蹩腳,anger
輕視,anger
辱罵,anger
造反,anger
遇難,anger
過錯,anger
邪惡,anger
鄙*,anger
酷刑,anger
醜,anger
醜惡,anger
醜陋,anger
難看,anger
震怒,anger
非禮,anger
非難,anger
頑固,anger
頑強,anger
駁斥,anger
騙*,anger
騙局,anger
騷擾,anger
骯髒,anger
鬥爭,anger
齷齪,anger
一無所有,sad
下等,sad
不安,sad
不幸,sad
不知所措,sad
不足,sad
低下,sad
低沉,sad
低矮,sad
低等,sad
低落,sad
低迷,sad
傷,sad
傷亡,sad
傷人,sad
傷勢,sad
傷害,sad
傷心*,sad
傷悲,sad
傷感*,sad
傷殘,sad
傷痕*,sad
傷痛,sad
傷神,sad
劣勢,sad
卑微,sad
受不了,sad
受傷,sad
受苦,sad
可怕,sad
可悲,sad
可憐,sad
同情,sad
哀傷,sad
哀怨,sad
哀愁,sad
哀慟,sad
哀求,sad
哀淒,sad
哀痛,sad
哀號,sad
哭喊,sad
哭泣,sad
哭訴,sad
哭鬧,sad
哽咽,sad
唉聲,sad
啜泣,sad
喪失,sad
喪親,sad
嗚咽,sad
嘆息,sad
嘆氣,sad
多餘,sad
失去,sad
失敗,sad
失望,sad
孤*,sad
孤單,sad
孤獨,sad
寂寞,sad
寂寥,sad
差,sad
差勁,sad
弄痛,sad
後悔,sad
微弱,sad
心灰意冷,sad
心痛,sad
心碎,sad
心酸,sad
忽略,sad
忽視,sad
悔之*,sad
悔恨,sad
悔悟,sad
悔意,sad
悔改,sad
悔過,sad
患病,sad
悲傷,sad
悲劇,sad
悲哀,sad
悲悽,sad
悲情,sad
悲愁,sad
悲慘,sad
悲慟,sad
悲憤,sad
悲憫,sad
悲痛,sad
悲苦,sad
悲觀,sad
惋惜,sad
愁*,sad
感傷,sad
憂傷,sad
憂心*,sad
憂患*,sad
憂愁,sad
憂鬱,sad
憐憫,sad
懊悔,sad
懊惱,sad
打擊,sad
抑鬱,sad
折磨,sad
拙劣,sad
挫折,sad
挫敗,sad
掃興,sad
損失,sad
損害,sad
摧毀,sad
放下,sad
放棄,sad
放縱,sad
柔腸寸斷,sad
樂極生悲,sad
次等,sad
次級,sad
欲絕,sad
殘廢,sad
殘忍,sad
毀傷,sad
毀壞,sad
氣餒,sad
沮喪,sad
泣,sad
洩氣,sad
流淚,sad
消沉,sad
淚流滿面,sad
淚珠,sad
減弱,sad
灰心,sad
無力,sad
無助,sad
無意義,sad
無望,sad
無用,sad
無益,sad
無精打采,sad
無能,sad
無足輕重,sad
煩惱,sad
爛,sad
疼痛,sad
痛不欲生,sad
痛哭流涕,sad
痛苦,sad
瘸,sad
眼淚,sad
破滅,sad
空洞,sad
空虛,sad
窮困,sad
累,sad
絕望,sad
缺乏,sad
肝腸寸斷,sad
自卑,sad
自暴自棄,sad
自責,sad
苦,sad
苦惱,sad
萬念俱灰,sad
落空,sad
虛弱,sad
虧損,sad
褫奪,sad
跛腳,sad
蹂躪,sad
蹧蹋,sad
輸,sad
輸家,sad
輸掉,sad
迷惘,sad
逝世,sad
遲鈍,sad
遺憾,sad
遺棄,sad
錯過,sad
降低,sad
陰暗,sad
陰沉,sad
難過,sad
震驚,sad
鬱*,sad
默哀,sad
黯淡,sad
鼻酸,sad
